"","Z1","Z2","X","G","D"
"1",-0.562259117063151,1,0.231618791766808,1,1
"2",0.608041768882181,1,-0.0249439027987522,1,1
"3",-0.174474711137067,1,1.7729779269566,2,1
"4",-0.712542086500759,0,0.585868395070251,0,1
"5",-1.94708822240326,1,2.27132616659463,1,1
"6",-0.343595521843397,1,2.64127619968679,1,1
"7",0.9597700391759,0,1.05534790729839,1,1
"8",0.253864266758339,0,2.47751525540516,2,1
"9",1.91528351160155,1,2.00005229367029,2,1
"10",-0.628794640533371,1,1.17593876687394,1,1
"11",1.38188105054575,0,2.92037579132742,2,1
"12",-0.780964046361417,1,-0.591473297157021,0,1
"13",-1.58474836255226,1,2.45760114189479,1,1
"14",-0.31591914736245,1,1.60648362761731,1,1
"15",-0.827970489598125,0,0.386893311643214,1,1
"16",-1.19401776409035,0,-0.0676731848493451,0,1
"17",-1.74244252188994,0,1.9560063330374,1,1
"18",0.0731929768867512,0,2.85926856643367,0,1
"19",2.65730391821993,1,1.25373529311077,1,1
"20",0.73248223514047,0,1.28798413203891,1,1
"21",1.46432005798793,0,0.154547366745354,0,1
"22",0.341499366118748,0,1.04725458321771,2,1
"23",1.10926191291515,1,1.24529648258902,0,1
"24",1.01177053235079,0,0.431662952455385,0,1
"25",2.66711409411112,0,3.02422743218576,1,1
"26",-0.410547463952566,0,-1.41432734668651,0,1
"27",0.694280430993682,0,-0.318711470804487,0,1
"28",0.305174127174833,0,0.205906788676878,0,1
"29",-1.2934771185086,0,0.569043074123651,0,1
"30",-1.38461051865179,1,3.14569405628066,0,1
"31",0.318362827600021,0,1.21387842096031,2,1
"32",0.0697578610292511,1,0.549021172293712,0,1
"33",1.37403440431257,0,1.6510875194021,1,1
"34",1.31625141546973,0,0.708022576154431,0,1
"35",0.702868236706045,0,0.830140572578848,2,1
"36",2.52045334805825,0,3.97411336489501,1,1
"37",-0.381753618765693,1,1.52983021957953,2,1
"38",0.388319616907472,1,0.870779936979124,2,1
"39",1.19182351056109,1,0.951635772696217,0,1
"40",0.170526511885048,0,0.854846579063154,0,1
"41",0.634889223729646,0,0.673780798523804,0,1
"42",0.711140255014931,0,0.18749676331942,0,1
"43",-0.289339530873439,0,-0.706234936457181,1,1
"44",-0.945466480096278,1,0.561667387367197,1,1
"45",0.529052774176119,1,1.32822986324086,1,1
"46",0.349791476287203,0,-0.313813707691164,0,1
"47",1.71643601020831,0,1.41792588918796,0,1
"48",1.63462226114157,0,2.68186226890275,1,1
"49",0.0360214660439532,0,2.20662984207387,0,1
"50",0.975255474553312,1,1.71344715468422,1,1
"51",-3.02834898880205,0,2.59456648474841,2,1
"52",-0.211521880260159,1,0.21859167579567,0,1
"53",1.68839064326727,0,1.12595900357698,1,1
"54",-0.924600204282025,1,1.5332072594906,1,1
"55",0.562729497486004,1,0.165627900133527,1,1
"56",1.63989461429749,0,1.29818615398359,1,1
"57",0.929152528532503,0,-0.274658035515681,1,1
"58",0.0965502032939636,1,-0.458566121285109,0,1
"59",0.827452900946182,0,1.05287797870836,1,1
"60",-0.445052197919965,1,0.656800037807646,0,1
"61",1.09224976980166,0,2.19363119331978,2,1
"62",3.30294017406011,0,4.08250120688503,2,1
"63",1.2809222232014,0,2.41250983653427,2,1
"64",2.08404586811594,0,2.91407990356222,1,1
"65",-0.767443185035992,0,0.932455398833052,1,1
"66",1.61288708683396,0,1.55270865734147,1,1
"67",2.42522620640592,0,3.87900012457635,1,1
"68",0.214137250052354,0,0.324309495909597,2,1
"69",0.948514273132888,0,0.170136224567703,0,1
"70",0.720726245918537,0,1.44429372551107,1,1
"71",-0.384229407541635,0,1.38859039861637,1,1
"72",1.74784675419782,0,0.727276365947355,2,1
"73",-1.95108132633563,0,1.44964740753862,0,1
"74",-1.31314595580418,0,1.78814185345778,0,1
"75",-0.102726441025024,1,3.07072909317455,1,1
"76",0.939091337256209,0,1.72634384886554,1,1
"77",0.374119819782975,0,-0.379403572204641,0,1
"78",-2.11167601087171,0,0.990802929983639,1,1
"79",1.01854709460205,1,3.04860460761482,1,1
"80",1.56111207560618,0,1.51064720028628,2,1
"81",3.02353609324185,1,3.26524107765503,0,1
"82",1.39197203901001,0,1.71698455565916,0,1
"83",-1.80692457621953,1,-0.392174489661778,1,1
"84",-1.0957719730342,1,-1.0856723991373,0,1
"85",-0.312292663025934,0,3.02317377931653,2,1
"86",2.82772390609222,0,2.00428892693719,1,1
"87",1.31657281768955,1,0.330213984796145,1,1
"88",-0.910519026845278,1,0.336108579092803,0,1
"89",0.335704789924358,0,-0.206625494951173,1,1
"90",-2.14171995236967,0,4.23750091692373,1,1
"91",-0.0658385844370732,0,1.88697608985838,2,1
"92",2.27291181018002,1,1.4629655851594,1,1
"93",0.00625098111601028,1,-0.503043005832434,0,1
"94",-0.473297697601389,1,2.23250082574227,0,1
"95",2.02511596945355,0,2.46771554635904,2,1
"96",-1.10064183331101,1,-0.3968389122997,0,1
"97",-2.29965493315538,0,-0.403038688218653,0,1
"98",1.16876525534218,0,-0.100547151518662,0,1
"99",-1.21015937785345,0,0.43767180475273,0,1
"100",1.10026762140599,0,-0.479337133195176,0,1
"101",0.269176688466435,0,1.56270647969239,0,1
"102",0.609732515717488,1,0.175752140292197,0,1
"103",1.70940123647346,0,2.684644955881,2,1
"104",0.172170830238561,0,1.13818719239759,2,1
"105",-0.588127839399114,1,-0.308502969406636,0,1
"106",-0.128532881742287,0,1.25460594676784,2,1
"107",-0.937194683783189,1,0.608252791553859,1,1
"108",-0.862213851008727,0,0.0549325017693265,0,1
"109",1.06939546822147,0,1.53560997911167,0,1
"110",2.05604827878397,0,2.51455467673728,2,1
"111",1.06001079701355,0,3.18431051637851,2,1
"112",1.37265206022785,0,2.10676713110231,1,1
"113",1.11210208232839,0,2.3068790875889,1,1
"114",1.39787110558023,0,0.662416641379683,0,1
"115",1.53852719836864,0,3.38167813981997,2,1
"116",1.76917785950741,1,1.23812753409976,1,1
"117",-1.83434256590126,0,1.64504579062925,0,1
"118",1.0055203527976,1,2.11883271540847,1,1
"119",-0.745349140948906,1,2.60177993229265,2,1
"120",0.0468985618431973,0,0.325766179429486,1,1
"121",1.5176688092693,0,3.8091329963638,2,1
"122",0.668785357499811,1,0.866701017165216,2,1
"123",-1.87297303231873,0,1.50102544439836,2,1
"124",0.525413140295972,1,0.99068303157708,0,1
"125",2.20036531444652,0,2.00178276039756,1,1
"126",0.252945026933533,0,-0.82717349149612,0,1
"127",0.399102088068813,0,0.662694831523297,0,1
"128",-0.216600377573927,0,1.2590046306076,1,1
"129",1.30160822498945,1,1.57098225748594,2,1
"130",0.847247262534603,0,1.28727045628149,1,1
"131",1.66079894621661,0,2.83888528415272,1,1
"132",0.781759420400112,0,1.07586600762051,1,1
"133",-0.490119230666026,1,0.760689613801682,0,1
"134",-1.58128140276333,1,2.21639866769956,1,1
"135",0.638049984037663,1,2.66693933036462,2,1
"136",-0.360562557180075,0,0.185654328725715,1,1
"137",1.15646486829821,1,3.35502098875049,1,1
"138",2.48924123982164,0,0.721611018306252,0,1
"139",-0.904252599803738,0,0.869436615700622,0,1
"140",-2.22756673319587,0,1.03129777284006,1,1
"141",-0.249901814297245,1,-0.327434814706697,0,1
"142",1.28916331585396,1,1.49533753625055,2,1
"143",0.0880590923257249,1,-0.521537296979261,1,1
"144",1.01591362105461,0,-0.283701855829433,0,1
"145",-0.55848823781167,1,1.47061936910625,2,1
"146",1.61094200282235,1,2.01315870241496,1,1
"147",1.45524209725087,0,0.0779163007327694,0,1
"148",-0.704234785600559,0,-1.37073578508771,0,1
"149",1.60404521697722,0,-0.250604482881205,0,1
"150",1.3640652686096,1,2.76120931829097,2,1
"151",0.44937140555697,1,2.13419516467252,0,1
"152",0.220357862537133,0,0.206116265612021,1,1
"153",-0.596705341516768,0,-0.341357540795633,0,1
"154",1.30505256641033,0,1.15638486249524,1,1
"155",-0.0130849503546108,0,2.23623696831368,0,1
"156",0.169437546142309,1,2.38798067850282,1,1
"157",1.81178962020452,0,2.19869465275236,2,1
"158",1.12414760026832,0,1.84582431147247,2,1
"159",-1.20818048263638,0,0.820205393970341,1,1
"160",-1.26107033349097,0,-0.162156008167081,1,1
"161",0.210559329233962,0,0.659830051749057,0,1
"162",-0.524535065897882,0,-0.802441907521255,0,1
"163",1.45417527230649,0,1.91161090109579,1,1
"164",0.200701111669654,0,1.99360059328406,1,1
"165",-0.514579139412244,1,-0.79965224044847,0,1
"166",0.327569870882952,1,-0.340998111881105,0,1
"167",2.82392591566487,1,2.54170975452349,1,1
"168",-0.014180481048932,0,0.2188881374383,0,1
"169",1.3634096208969,0,0.629239389049854,2,1
"170",0.644435793207433,1,1.59598722695993,2,1
"171",-2.02034900696842,0,0.905154639601399,1,1
"172",1.01987564752098,0,1.35394319154067,2,1
"173",-0.775982384425629,0,1.51648805108758,0,1
"174",-0.234565687386128,1,1.60228944472419,2,1
"175",0.723976264583875,0,2.9942394482061,2,1
"176",-0.683445427593705,1,2.05789214656645,2,1
"177",1.54568985324109,1,1.63501721978636,2,1
"178",0.936485757442149,1,0.246101400538857,1,1
"179",0.764717624398901,0,0.0366149383114382,0,1
"180",0.991784727755611,1,1.19380724730829,0,1
"181",-0.667180245000879,1,2.33362710906625,2,1
"182",-1.33087151451155,0,0.105043197084972,0,1
"183",1.52832582751601,0,1.66299208378003,0,1
"184",-0.730870883562206,0,-0.756238035886606,0,1
"185",0.908289417218523,0,1.73197578890755,0,1
"186",0.0264201263530978,1,-1.76066280799659,0,1
"187",0.415512745112409,0,0.675231376389751,2,1
"188",1.63843016046716,0,0.878024946176,0,1
"189",0.167356902249423,0,1.86346277443984,1,1
"190",-0.579036825473631,0,1.49684529468777,1,1
"191",-0.0491837591226722,0,-0.444257335336041,0,1
"192",1.27221289771876,0,3.32738319735848,1,1
"193",-1.32607461001387,0,0.971635658375998,0,1
"194",1.16771801465966,0,0.666106873418595,1,1
"195",0.0801088394855587,1,0.515862315981782,1,1
"196",0.359817379436626,0,0.280551751839198,0,1
"197",-3.40309218639519,1,2.75031782800772,0,1
"198",0.495951821833394,0,1.33702874999174,1,1
"199",1.32574750698367,0,3.6550144143659,2,1
"200",1.4662755532391,0,-0.0313954691091115,1,1
"201",1.85781551723004,0,2.30087633608727,2,1
"202",0.300022354450955,0,0.248461656040597,1,1
"203",-0.539796674113673,0,0.971245761940139,1,1
"204",0.239662073726106,1,2.76348019309652,2,1
"205",1.70258252178935,0,1.33621948306976,0,1
"206",1.66629878051884,0,1.55956132067849,1,1
"207",-1.42404491466243,0,1.22393364396567,2,1
"208",-1.12075789350665,0,-1.12988541174438,0,1
"209",2.27761281660923,0,1.35361539391956,0,1
"210",-0.0651515238883347,0,0.486599623026202,0,1
"211",0.204613037963591,0,1.40609616526974,0,1
"212",1.96366210590339,0,2.52667404650823,2,1
"213",-1.34500519701737,0,-0.369486347456121,0,1
"214",0.77165447314167,1,2.9164807698022,0,1
"215",1.62797346505567,0,0.561996242312895,1,1
"216",0.0845547681417384,1,1.20447753066498,2,1
"217",-0.133814030924964,0,0.374188124783704,1,1
"218",2.44888494798408,0,2.64498115900334,0,1
"219",-1.09692808384532,0,0.977218944398617,2,1
"220",-1.12754387733482,1,0.244474765656992,2,1
"221",-0.989615030831185,0,2.85358273068367,2,1
"222",0.817922702284609,1,-0.139501337707771,1,1
"223",1.56569235639976,0,2.61296468799042,2,1
"224",0.969830919954742,0,1.76184678868975,1,1
"225",-0.478458857641412,1,3.01723190702859,2,1
"226",2.05288077024516,0,4.14241527886537,1,1
"227",-0.737823411940203,0,0.685267559967965,1,1
"228",1.24181256334962,0,-0.292007304735607,1,1
"229",2.04055023190115,1,1.26128285277594,0,1
"230",1.54303099586332,0,0.684245700854569,0,1
"231",0.71904795686902,1,0.897803050698885,1,1
"232",-0.278501100779238,1,1.25261335340974,0,1
"233",-1.19322592384768,0,0.0798322916315149,0,1
"234",0.996179237142497,1,0.528253664996003,1,1
"235",1.17249607004467,1,1.2445751012924,0,1
"236",0.311566595000469,0,1.36588062727452,2,1
"237",0.686620470131228,0,3.2473581593455,2,1
"238",0.19589288060371,0,0.0903360303553002,0,1
"239",0.320875944818965,0,1.48423931222855,1,1
"240",-0.278783362551063,0,0.573046424743646,0,1
"241",1.44276978211365,0,1.78977688704532,1,1
"242",1.25394719325308,0,-0.29559449805758,0,1
"243",0.987022549588177,0,1.17827125190408,1,1
"244",-0.724384490237763,0,1.95932586919027,2,1
"245",0.225153150098142,1,1.74258086433494,2,1
"246",-0.0828933967023889,0,2.65136318100643,2,1
"247",1.90627048337076,0,4.06969702081235,2,1
"248",1.56895862457884,0,1.81597599206626,2,1
"249",1.79236495773246,1,3.23550457749251,1,1
"250",-2.63322253146953,1,1.98185143313747,0,1
"251",1.17615085206049,0,0.155409950609205,0,1
"252",1.58301213364966,0,3.13107578703233,0,1
"253",-1.9067197787527,1,2.69365899267901,1,1
"254",1.51475990918459,0,1.7640253486261,2,1
"255",0.249607488516492,0,-0.262162500150865,0,1
"256",0.871963445947774,0,0.635898180573207,0,1
"257",0.43030673363789,0,-0.542531662126245,0,1
"258",0.21436451307052,0,1.36374611868077,2,1
"259",0.0045191255685762,1,2.18311432537825,2,1
"260",1.55276334168147,0,0.247740137445599,0,1
"261",1.03250623376711,1,0.930897233955193,0,1
"262",1.09688327803934,1,3.16186257540373,2,1
"263",1.48096534581485,1,2.76737749519235,2,1
"264",-0.0365776090204247,0,3.97301617589631,2,1
"265",0.253865480139497,0,-0.756186325467281,0,1
"266",1.80972317136717,0,1.06343609993272,1,1
"267",0.213979178129548,1,0.405469855083781,2,1
"268",0.790134736538026,0,2.46659028987605,1,1
"269",0.248075819903343,1,1.73993157237297,2,1
"270",1.01307800445924,0,0.916819017124791,2,1
"271",0.116604517895203,0,4.1073727177559,2,1
"272",0.726288629261551,0,1.42453576410468,1,1
"273",1.96899128041534,1,3.12245207081104,1,1
"274",0.226219928604299,1,-0.795186455032273,0,1
"275",1.06580372718303,0,1.99965006568374,1,1
"276",1.53899805510855,0,3.38697863836365,1,1
"277",0.910571787158798,1,1.52869551517922,1,1
"278",0.980218978831742,0,1.20442495550524,2,1
"279",0.446666116894095,0,1.68259697209179,1,1
"280",0.577006754210006,1,0.873275117461656,0,1
"281",1.56398587560748,0,2.09013132542453,1,1
"282",1.44767755367742,1,1.78286161096317,1,1
"283",-0.060917683203198,0,-1.33134496872584,0,1
"284",-0.262200003866179,1,0.510778886789056,0,1
"285",-0.784039128110156,1,1.61905508117203,1,1
"286",-0.346803596754446,0,1.43950089224522,1,1
"287",1.25568692544297,0,0.824000511615846,1,1
"288",2.28292021722294,0,2.45920283978546,2,1
"289",1.71541937799776,0,1.97301680788189,1,1
"290",1.60553204615597,0,1.41028815807762,1,1
"291",0.546259090249784,0,2.21265316106263,2,1
"292",1.77523700423592,0,3.04199699102056,2,1
"293",0.365535836060114,0,0.673412704151293,0,1
"294",-1.53629413680075,1,1.384725870429,0,1
"295",2.12668073763487,1,3.08154939472721,2,1
"296",1.63363070180135,1,1.534226553814,1,1
"297",2.419332407573,1,2.91043062753313,2,1
"298",1.14272237988302,1,1.1952658760009,0,1
"299",3.14527149302752,1,3.49135529415755,2,1
"300",0.18964705905087,0,1.17182190181532,0,1
"301",-0.107812234182683,1,2.35773593433369,0,1
"302",0.319812362896313,0,2.07778381123866,1,1
"303",0.582407993868721,1,3.0568525421335,0,1
"304",-2.04732502349681,0,0.321396229847228,0,1
"305",-0.37028050317126,1,2.71497753923222,2,1
"306",2.10310929179951,0,2.31716006413063,1,1
"307",1.0114991890056,0,2.22801838087636,0,1
"308",-1.26520798256043,0,-0.230372974906601,0,1
"309",-2.59104868704512,0,3.22637223390777,0,1
"310",-0.625326464555844,0,0.467266258992547,1,1
"311",-0.747998897220879,1,0.460056511221908,0,1
"312",1.36905292031717,1,3.22370361872353,2,1
"313",0.0180755707303835,0,1.05389101448326,2,1
"314",1.03491576726817,0,-0.019292114776311,0,1
"315",-0.0940383001315082,1,1.07830644230947,1,1
"316",-0.241213461113535,0,0.976963246652483,0,1
"317",0.408318892252378,1,1.88804568681108,0,1
"318",0.615934172479805,0,0.968247446840159,1,1
"319",0.580465266116151,1,0.893792552420525,2,1
"320",-1.45551616286459,0,0.793544246549751,0,1
"321",0.478784922741071,0,2.28062718174536,1,1
"322",0.77289492215859,1,2.70621635770473,0,1
"323",-0.293820561827951,0,1.90392102112828,1,1
"324",1.70476630297359,0,3.17372885542284,1,1
"325",-0.796708591133419,1,1.28404987368887,1,1
"326",-2.86651101125041,0,1.18891774701569,1,1
"327",-0.84703950879366,1,3.11523124470441,2,1
"328",-1.75756096921625,1,-0.755566000094529,1,1
"329",-1.58945957580587,0,1.51130849176102,1,1
"330",1.43821686835669,0,2.35653983853922,2,1
"331",1.0657046139005,0,-0.209410167018339,1,1
"332",0.386788135434669,0,1.09188710669504,1,1
"333",-0.944725534681222,1,0.520028002775192,0,1
"334",3.06394870887873,1,3.26173182378242,0,1
"335",-0.119838492892714,0,1.44276658836314,0,1
"336",0.297342746689576,0,1.78015891131886,2,1
"337",1.53289739791578,1,2.29332590517782,1,1
"338",1.37970177648032,1,1.30007969330383,1,1
"339",0.921233477640467,1,0.877518826526021,2,1
"340",-0.506709095967967,0,2.66607879860643,1,1
"341",0.947100766772732,0,2.32585730618701,1,1
"342",0.938264274637903,1,1.62041570380744,0,1
"343",1.68918047003456,0,2.04006378481443,2,1
"344",-2.14560689531812,0,1.41967381467129,1,1
"345",-0.865307367862151,1,3.3053923067453,1,1
"346",1.79730221469406,1,2.35509822297238,1,1
"347",0.328619528875653,0,0.90028200377766,1,1
"348",0.875015802225153,0,-0.451379662697661,0,1
"349",1.45375879463175,0,1.73173434957075,1,1
"350",-1.54954841871236,0,1.01684622474218,1,1
"351",0.643833537779567,0,-0.681355724003856,0,1
"352",1.24355466894211,0,2.49364224633975,0,1
"353",0.301467460972063,0,0.176476207893038,0,1
"354",0.0127530708132065,0,0.782007052078575,0,1
"355",1.90025377249898,1,0.367087844325882,0,1
"356",2.15870386226225,1,1.50134750339328,2,1
"357",-0.297036836076057,0,-0.00357472444609341,1,1
"358",0.961934702828004,0,0.990845123105456,1,1
"359",0.837296917932396,0,1.59834950327303,2,1
"360",1.86959022320791,0,0.79347522660624,2,1
"361",1.20930702587717,0,3.15706873578911,1,1
"362",1.11365665247219,0,1.06722694946716,1,1
"363",-0.212272707986743,0,0.747845087353255,2,1
"364",0.85939659313643,0,1.88682685997418,1,1
"365",0.369905779369242,1,1.688847488048,1,1
"366",2.24382984424672,1,3.53250255140044,1,1
"367",2.85995660083701,0,1.5918262074748,0,1
"368",0.435571543856137,0,0.726718477553955,0,1
"369",0.285613576339019,0,3.82881847760887,2,1
"370",-0.983033586793372,0,0.587485688609625,0,1
"371",0.00819879022258337,0,0.572183048071647,1,1
"372",1.59538307958416,0,-0.187914663756129,1,1
"373",0.52627102655756,0,2.38013562039121,1,1
"374",0.935582410168992,1,3.12042740830549,2,1
"375",0.870688798138474,1,-1.07505012518612,2,1
"376",-2.95441046493428,0,0.640925869975084,0,1
"377",-1.86117151348228,0,0.133074502222053,0,1
"378",1.40157278280304,0,0.824790921651992,0,1
"379",0.474304473278432,0,1.25197784888145,0,1
"380",0.463248856135239,0,0.868770927235127,0,1
"381",1.44460733513134,0,0.369223996168837,0,1
"382",1.68072319393428,0,0.635330615114196,0,1
"383",-0.800360041461333,0,0.334627835057891,0,1
"384",-1.63394982873689,0,0.788661093614491,0,1
"385",1.58459414123239,0,1.4216649209596,1,1
"386",1.58995073708544,0,2.49185116044378,1,1
"387",-0.13911676955987,0,0.131079429896671,0,1
"388",-0.65676900789424,0,-1.78953054188932,0,1
"389",0.171223908981173,0,-0.329353018231336,0,1
"390",2.05478310932948,1,1.76102279033031,1,1
"391",-0.0477198321615091,0,0.849318212886155,0,1
"392",-1.30788200541434,1,2.62023491292602,2,1
"393",1.31221091004047,0,1.35985456185548,0,1
"394",-0.00669279282276025,1,0.435517072231073,0,1
"395",0.697150293544271,1,3.91119778424991,1,1
"396",-1.58893482550103,1,0.257048642567263,1,1
"397",-2.3371620981471,0,1.89734352231525,0,1
"398",1.52714746882532,0,1.75300638952739,2,1
"399",0.912747422386603,0,1.41353085677079,1,1
"400",2.60080647692736,1,2.50225011635339,0,1
"401",-1.04027534774733,0,0.922284964039198,2,1
"402",-0.0641956888371101,0,1.80896868149997,0,1
"403",-0.384656919718027,0,-0.529642881053614,0,1
"404",-0.014990249508537,0,1.46750873893519,1,1
"405",1.13579633020079,0,2.39926961200523,2,1
"406",1.31572989717807,0,0.460607530093111,0,1
"407",0.411104211186518,0,-0.562710915349234,0,1
"408",-0.148186984539808,0,2.74701125071443,2,1
"409",0.684583155449749,0,1.3068437688985,0,1
"410",-0.368392519460393,0,-0.892123748220903,0,1
"411",1.44349880271891,1,0.972625513248218,2,1
"412",-0.557428940509495,1,1.65222527867031,1,1
"413",-1.16181709698126,0,0.757676704370575,1,1
"414",0.841976038483566,0,2.88723187073586,1,1
"415",0.16951808868989,1,1.428112250908,0,1
"416",1.62239724619877,0,1.30916011858404,1,1
"417",3.2400015654408,0,1.42926806944454,1,1
"418",-1.02454479952147,1,0.301182099297404,0,1
"419",1.1766124243189,0,1.12370333718981,1,1
"420",-0.330782462435866,1,1.37418969243901,2,1
"421",-0.883079937744126,1,1.97153854267797,1,1
"422",2.15999072560988,1,2.4794645573647,0,1
"423",-0.44394614056687,1,0.402127337607524,1,1
"424",-0.557875368927189,0,-0.51370240596759,1,1
"425",-0.470176317162388,0,0.0671348942552082,0,1
"426",1.46230216792725,1,2.59480086233482,1,1
"427",-0.785571401654053,0,2.31876483524345,1,1
"428",0.152812453412505,0,2.65550129737357,2,1
"429",0.410713847869105,1,0.826622919249003,1,1
"430",0.993867809760635,0,3.4740066656134,1,1
"431",0.44827626026762,0,-0.218934256351233,0,1
"432",0.724255766655926,0,1.64180470249077,1,1
"433",0.959361215323266,0,0.600438868872257,2,1
"434",1.409862121989,1,-0.209004756968983,1,1
"435",0.758979541472242,0,1.63373510311529,2,1
"436",0.413863314251244,0,2.52581990529041,1,1
"437",0.436899448519908,1,0.479372865118013,0,1
"438",1.80345801454705,0,1.76354126465585,1,1
"439",-2.03239533570887,0,2.01322361013301,0,1
"440",1.47295515178878,1,1.6396349024415,1,1
"441",0.636137664401374,0,1.00935934256209,1,1
"442",2.29182243545852,0,3.87326030253164,1,1
"443",1.33843739345357,1,3.18070721463692,1,1
"444",-1.84068583831334,0,0.627009246811774,1,1
"445",1.47270239037359,0,0.804567669078135,1,1
"446",-0.0281543890396134,0,0.898830783318068,1,1
"447",0.878378011992589,0,0.116325678539932,0,1
"448",-0.674447653979718,0,-0.024902997111617,0,1
"449",1.20184175258752,1,1.76099249319358,2,1
"450",0.506850945298005,0,2.63716675995037,1,1
"451",1.54591823178982,1,3.11263023764184,2,1
"452",0.271032391341298,1,2.67888858431454,1,1
"453",0.307288706843491,1,0.699598068353911,0,1
"454",0.186682186691186,0,2.07193114633525,0,1
"455",-1.12741280947714,0,1.9047993882112,1,1
"456",-0.469279697753506,0,0.93088347104373,0,1
"457",0.334097610230969,0,0.0608319888721497,0,1
"458",0.702785942695826,1,0.53457783961268,0,1
"459",-0.652332467515867,0,1.21344000190598,1,1
"460",1.1800891480375,1,0.928900251964727,1,1
"461",-1.05986955894571,0,0.767602019448312,0,1
"462",0.61468400574947,0,-1.09293196257795,0,1
"463",0.0562235516958395,0,2.11092706420485,0,1
"464",1.66738388580861,0,3.06103681740085,1,1
"465",1.9683695956936,0,0.225246911583736,2,1
"466",-0.145691710444151,1,1.3391802035093,1,1
"467",0.347593773281005,0,0.980784525563768,0,1
"468",-0.377260207199603,1,1.05290301285275,1,1
"469",0.269013277955088,0,2.2629073706212,1,1
"470",1.47634606424099,0,1.36578024708966,1,1
"471",0.724707975162814,0,1.60133842647691,1,1
"472",0.153705315857815,0,0.300441206597794,0,1
"473",2.18884880890719,1,0.530332839923395,2,1
"474",-0.32287764026872,0,-0.664169325280966,0,1
"475",-1.31354507270387,0,1.1951106553802,0,1
"476",1.68046115299859,0,1.54136404629964,1,1
"477",1.26694429713008,0,0.158704465145182,0,1
"478",-1.97489295954373,0,1.30215449814133,0,1
"479",-0.184321315726153,1,3.30935121597047,2,1
"480",0.687614777702866,0,-0.376752185478493,0,1
"481",1.19422924883054,1,2.96915420073546,1,1
"482",0.590955405577356,0,1.19730235035706,1,1
"483",1.74852501065318,0,2.80110184585434,1,1
"484",-0.492374304656005,0,0.0714809665363184,0,1
"485",2.69560230909405,0,2.57819959622167,1,1
"486",0.977695017605179,1,1.36942795243654,2,1
"487",0.711708257328686,0,-0.655151827671764,0,1
"488",0.974151814075014,0,-1.32042797896703,0,1
"489",-1.91695075884694,1,0.977686168562242,1,1
"490",2.45922904708114,1,1.4846854771906,0,1
"491",-0.0980909409613574,0,0.0511727691188838,0,1
"492",-0.580701688527209,0,1.70655716573657,2,1
"493",0.0402816689377006,1,2.16668852521668,2,1
"494",-0.570843332153308,1,1.98855262668707,1,1
"495",1.96497590499043,0,1.0943410160238,0,1
"496",0.438847054593407,0,-0.533351487731634,1,1
"497",0.528355383526035,0,-0.0377664139368442,1,1
"498",-0.304206370714247,1,-1.24676752030859,0,1
"499",-0.329271116324414,1,1.18674980442035,1,1
"500",0.0205807846866484,1,1.6977130860408,2,1
"501",0.9541119074294,1,0.705798025612685,2,1
"502",-1.62191403171789,0,-0.0194975743766307,0,1
"503",1.06006918148502,1,3.10049025953376,2,1
"504",0.722536968588686,0,2.84456351486607,0,1
"505",-1.18220591799044,0,1.07096984119154,0,1
"506",-1.17140659301209,0,0.974735162295208,0,1
"507",1.51003884721163,0,2.24099760968965,0,1
"508",1.96828672707893,1,0.750356164203845,0,1
"509",-0.140788628692701,0,1.28396720143925,0,1
"510",0.937439608984982,1,1.26136848662893,0,1
"511",1.03242154960278,0,3.22070766803136,2,1
"512",0.288728214291143,0,-1.24215047415426,0,1
"513",0.0946163601740898,0,-0.712309793844465,0,1
"514",-0.670432113628684,1,1.9808433687206,2,1
"515",1.40162482856154,0,0.695891918637707,0,1
"516",0.239084169017656,1,1.10375276347992,1,1
"517",1.32041513027107,0,3.3949445106228,2,1
"518",2.59317031617532,0,2.66087986371972,2,1
"519",0.39558846031511,0,-0.619492527937446,2,1
"520",-0.286949672193222,0,1.22351787827241,1,1
"521",0.877200951419241,0,1.52367865227131,1,1
"522",-1.98441647311552,1,2.63491319317461,2,1
"523",0.631678959586449,0,1.61215390466895,1,1
"524",0.483183104702741,0,2.26904542545851,2,1
"525",0.338555908725736,0,0.17478663592365,0,1
"526",2.15319283922072,0,1.64698860651648,0,1
"527",1.13108578092317,0,2.11300668656691,2,1
"528",-1.02280293779237,0,-1.45568097798221,0,1
"529",-0.580079120283485,0,1.1629972497147,1,1
"530",0.777263271005608,0,-0.00159368066836377,0,1
"531",-0.791333044383367,0,0.907636004621192,2,1
"532",1.06858963971591,1,-0.202288997674736,0,1
"533",0.267355502018376,0,1.94646841370576,2,1
"534",-0.192848173669468,0,1.60427244322788,1,1
"535",0.782773893201836,0,-0.353137669537286,0,1
"536",-0.436389939210139,1,4.10709117773271,2,1
"537",-0.28776313283393,0,1.27521152897954,1,1
"538",-1.11652500138342,0,1.97446497397315,0,1
"539",1.23703797577991,1,1.49099168856546,2,1
"540",1.99684637528058,1,0.354477510623413,1,1
"541",0.352231140421058,0,2.1554257651478,2,1
"542",0.0465405691015986,0,1.43313939051403,0,1
"543",2.22092120739598,0,3.02232623673316,0,1
"544",0.38655419014236,0,1.36770172199543,0,1
"545",1.61079645135114,0,1.76981680329751,0,1
"546",1.07108540912275,0,2.16031630664362,1,1
"547",1.01282877992591,0,2.19512642362162,1,1
"548",0.88118581947673,1,0.726142680698827,1,1
"549",2.56017184733661,1,1.57967878518322,2,1
"550",2.30466029519796,0,2.65738371690546,2,1
"551",-1.08318563794346,0,1.38625630439873,0,1
"552",0.237751058051805,1,3.58160108328581,1,1
"553",0.429641077339251,0,1.66048072467356,1,1
"554",-0.868699220815814,0,0.795064699386952,1,1
"555",1.30023354067921,0,2.2475740674308,1,1
"556",-0.795185304845211,0,0.834120070400685,1,1
"557",-0.100916114267533,1,0.348559324263937,1,1
"558",0.968237157289674,0,1.56581200784122,0,1
"559",0.200720534471664,0,1.0032121167845,2,1
"560",-0.66033785501433,1,2.63793440342747,2,1
"561",0.120547895126411,0,2.70788464545651,1,1
"562",1.40066582733414,1,2.04694233850414,1,1
"563",0.0641642852917092,0,1.96613716160123,1,1
"564",0.882788296397091,1,2.63496617943156,2,1
"565",-0.921178531899291,0,0.181631815429945,0,1
"566",0.343235113596188,0,-0.938877169577974,0,1
"567",1.23332903583433,0,-0.420122922481678,2,1
"568",1.08213513480083,0,0.245553450612009,1,1
"569",-0.681652620401854,0,-1.8905376698145,0,1
"570",0.786026470218664,0,2.66937164991638,1,1
"571",-0.364314757514491,0,-0.151706360391169,2,1
"572",-0.0593066304514389,1,1.48966870275576,1,1
"573",-0.481617491348822,1,0.549083439571992,1,1
"574",1.63493798689556,0,2.08788515721335,2,1
"575",-0.0125417896281667,0,1.62818454154546,1,1
"576",-0.769023693489116,0,1.08536693586189,1,1
"577",2.34266331678471,1,0.22251025807179,0,1
"578",-0.239067329901483,1,1.68678292243312,2,1
"579",0.860053705387594,1,-0.0108217583764536,1,1
"580",-0.829981556933654,1,1.60803002741736,2,1
"581",1.35771800776845,0,-0.00726921751468712,1,1
"582",1.46989829874997,0,2.57816069466053,1,1
"583",-1.01493461091588,1,0.904925939574733,0,1
"584",1.43204666912978,1,2.51276676683398,2,1
"585",-0.417717565415024,0,1.46956371212997,0,1
"586",-0.874011352180333,1,-0.423260998707748,0,1
"587",1.16964668719937,0,1.84466997117247,1,1
"588",1.29389136641822,0,0.434554022464909,1,1
"589",1.43509841639802,0,0.241973191539862,0,1
"590",-0.43618928458172,0,1.21951257612252,1,1
"591",-2.25562443198803,1,1.32841594115216,1,1
"592",1.64004665958396,0,-0.527526696889509,1,1
"593",0.667681856469784,1,2.32714296753123,0,1
"594",1.38348416817277,0,0.341603159756319,1,1
"595",-0.94801980482726,0,2.04625298368926,1,1
"596",-1.00684890002557,0,2.28222382859905,2,1
"597",0.415722468502033,1,1.85436828217224,2,1
"598",2.66252847815265,0,2.86529919581559,1,1
"599",-2.12723259981857,0,1.98795841412751,1,1
"600",1.33160885685729,0,1.376213990809,0,1
"601",0.427145471318555,0,1.1844860027129,0,1
"602",0.268475272378178,1,3.54152666562432,2,1
"603",-0.196636890684654,0,1.1931566234915,0,1
"604",-1.63660995066503,0,2.68203709981791,2,1
"605",0.831709560712278,0,-1.22800816928423,0,1
"606",-0.842739032303112,0,2.21434955462006,1,1
"607",3.63317014465745,0,2.67555222315657,0,1
"608",0.839992309420246,0,0.474976600019428,0,1
"609",0.746102778341035,0,2.1222997447636,1,1
"610",-0.207372176791033,1,1.30516719757437,1,1
"611",1.14283907377515,1,0.74722356012852,0,1
"612",1.21269279221136,1,1.6447294732067,1,1
"613",-0.352473063059798,0,0.324596643507749,0,1
"614",0.498838698017331,0,0.919912527138824,1,1
"615",0.714232598958605,0,-1.02394557245499,1,1
"616",0.291677589752219,1,-0.123131421934799,1,1
"617",1.30148623726601,0,1.24167681653643,0,1
"618",0.234520585429038,0,2.19828132043876,1,1
"619",0.238527615601389,1,1.72118858578788,0,1
"620",-0.748763696837284,1,0.916830440428418,0,1
"621",-1.34027220783402,0,0.870110144565408,0,1
"622",0.822207128747123,0,1.4727659088417,1,1
"623",-0.944871019758212,1,1.23899203101407,1,1
"624",2.30357060260051,0,2.31561777215882,2,1
"625",-1.53589136732697,1,1.13470777095302,1,1
"626",0.990784553121146,0,2.12780306621272,1,1
"627",-0.930099788582632,0,2.40031527324144,1,1
"628",0.0924403293046361,1,2.40202646630694,1,1
"629",-0.399092682084295,0,-0.894281211125672,0,1
"630",2.15048620106557,1,2.76054682730897,1,1
"631",-1.84739809218013,0,1.33934947918233,2,1
"632",0.175237230343813,0,-0.117637121635557,0,1
"633",0.641607232419269,1,2.87744372415652,2,1
"634",-0.399987270938777,1,0.971605689744608,2,1
"635",1.29635719544482,1,1.40108079913076,2,1
"636",-0.0573042125018858,0,1.29946408913147,0,1
"637",1.47816206599507,1,2.87252141797515,2,1
"638",-1.34385974446335,0,1.24099480842545,2,1
"639",1.05933346045201,1,0.188874537506989,1,1
"640",0.947007908273893,1,2.3132329919755,1,1
"641",1.89035074904784,0,-0.094413482407288,1,1
"642",0.621602335714495,1,-0.541610611302299,0,1
"643",-0.00871629312297888,0,1.36096851548432,2,1
"644",1.96618055633514,1,2.3635710172928,2,1
"645",1.04495822856384,0,0.973879572731196,0,1
"646",-1.71211366960722,0,1.15601081818776,0,1
"647",1.03556073856206,1,0.665999139487653,2,1
"648",0.350637660729795,0,0.295552883392882,1,1
"649",-0.494661081665463,1,0.491700260692694,0,1
"650",-1.36534718508031,1,2.38331530061976,2,1
"651",0.80722255676305,0,1.11420555331654,1,1
"652",-0.824350184714331,1,-1.46167521448258,1,1
"653",0.262063334223281,1,2.03647491334748,0,1
"654",1.26968246520359,0,1.06193324791111,0,1
"655",2.08730357181498,0,0.795676242357754,2,1
"656",-0.335169306748902,1,0.622783906356773,1,1
"657",-0.598278828911364,0,0.552194604547253,0,1
"658",1.26190679438154,0,1.27308678854584,1,1
"659",-0.354421162739718,1,2.35601371554311,0,1
"660",-0.262656375655567,0,-0.349547407514968,1,1
"661",-0.16705787027199,1,-0.260147439637,1,1
"662",1.20240220326489,1,0.459528070611953,0,1
"663",-0.936990947000571,1,-0.321319646808418,0,1
"664",2.77192085915457,0,2.2759275077158,0,1
"665",0.325687241726086,0,2.12337333431061,2,1
"666",-1.18162229657202,1,1.51683043542318,1,1
"667",0.378761116209728,1,-0.0324313170141632,0,1
"668",-0.0993647743309904,0,-0.0568174923005466,1,1
"669",0.727104641532185,0,0.535605833845489,0,1
"670",1.55539294123817,0,0.892255525776376,0,1
"671",0.146637290916967,1,1.26323664536956,1,1
"672",1.76348163572984,0,3.83582015058651,2,1
"673",0.723101729389543,0,-0.596288637306425,0,1
"674",0.603803021107622,1,0.903886129272504,1,1
"675",-1.43342543790817,0,1.13192370978885,2,1
"676",1.25887400354571,0,1.12010249307427,1,1
"677",1.38609299097332,1,2.53990537257488,2,1
"678",1.80035513229668,0,2.67057531163331,1,1
"679",-1.44344461872939,1,0.175340394867149,1,1
"680",-1.69920401594262,0,1.21826356558375,1,1
"681",0.656260706066712,0,2.2345437057297,2,1
"682",0.669697399501459,0,0.94174803312759,0,1
"683",1.59853153093425,0,0.197868209677752,0,1
"684",-0.273833941054916,1,0.404003012435808,0,1
"685",-1.57074702416934,0,-1.22514580753081,1,1
"686",0.807381993270029,1,0.189293016697707,0,1
"687",0.254405963454081,1,1.86763360617656,1,1
"688",-0.637083795822457,0,0.377793658459185,0,1
"689",-1.07633350661723,1,0.207111991621543,0,1
"690",-0.287380646274055,1,0.619585389223476,0,1
"691",-0.367968638695517,0,1.38745784478987,1,1
"692",-0.55711818038699,0,2.08636361246497,0,1
"693",0.399939360197172,1,2.86405388737545,1,1
"694",-2.12085912892837,1,0.363642378825677,1,1
"695",0.257736229521267,1,1.42723428921524,2,1
"696",1.0780014614597,0,4.59845875948317,2,1
"697",-0.325147093186775,0,1.10087981304469,1,1
"698",-0.893052086394241,1,-0.0685588180305525,0,1
"699",1.01154869040555,0,0.726782877879916,0,1
"700",0.679973224572211,1,0.268298964044616,0,1
"701",1.98399553142938,1,3.33580844080697,1,1
"702",0.233147232141835,0,2.09394807879885,2,1
"703",-0.918844803132071,0,0.25755133601177,1,1
"704",-0.261180141414868,1,0.362972369789039,0,1
"705",-0.0651023428194392,0,0.566198703171346,2,1
"706",1.15525175515444,0,3.49411225708078,1,1
"707",-0.36194083745629,0,2.55087858123429,0,1
"708",-1.61070971297955,0,3.13914582798967,1,1
"709",-0.535975353158143,1,2.45257030499393,1,1
"710",0.355589281961168,0,1.14862745471277,0,1
"711",-0.551655931499374,0,1.59873652996718,1,1
"712",1.78736360375198,1,2.959712394014,2,1
"713",-0.952436003795848,1,1.42417217835532,2,1
"714",1.17446068646574,0,3.24686299969654,2,1
"715",2.17437735770984,1,3.4628775690761,1,1
"716",-1.28021749419472,0,-0.18456120401118,0,1
"717",0.521832785201463,0,0.197138933630604,1,1
"718",0.170457985714929,1,-0.606999068879525,0,1
"719",-0.415032284212211,0,1.53205401469044,1,1
"720",4.1039961079891,1,3.11335951414403,1,1
"721",1.2986538316422,1,2.41291219989753,2,1
"722",-0.609315192174137,1,-0.667901958810661,0,1
"723",1.40166007287121,0,0.786559197947957,0,1
"724",1.01040402622755,0,1.87124136703677,2,1
"725",1.47426975992288,0,1.10521445480294,2,1
"726",0.91043055351628,1,-0.329363849243354,0,1
"727",0.64417804169907,1,1.35656664666337,2,1
"728",-0.116151275062515,0,0.481178932491027,1,1
"729",1.55578909256331,0,1.13662580790051,1,1
"730",-1.31592306007867,0,1.17071937632594,0,1
"731",0.753569573832221,0,0.632007537390301,2,1
"732",-0.0772014349240132,0,2.26470913727985,1,1
"733",1.80246109788358,0,1.3247906214777,1,1
"734",0.438275766514532,1,-0.0448240571614206,1,1
"735",1.20761082974651,0,1.30561239814571,1,1
"736",-1.42466290421157,1,1.87797656605927,2,1
"737",0.69173998689237,0,0.0241456253109613,2,1
"738",-0.591653876394781,0,1.40439095994731,1,1
"739",0.564171366380573,1,1.59485409779808,0,1
"740",-0.079521680396292,0,1.99081448908441,2,1
"741",-0.762875136370352,1,1.43088418977986,1,1
"742",-0.572831733672518,1,0.463637416797362,0,1
"743",0.791155244860161,0,1.38889420486978,1,1
"744",1.68107865264096,0,1.26765064340824,0,1
"745",-1.3397185790068,1,1.87008549631908,0,1
"746",-0.637576559871844,0,0.405819134165951,0,1
"747",-0.460032551882777,1,2.59058550782966,2,1
"748",0.533736392389673,0,-0.55356187170731,1,1
"749",1.31302225563243,0,2.78977595807147,2,1
"750",1.40905759087774,1,1.81524699225217,2,1
"751",0.38267810301683,0,-0.249849086006654,0,1
"752",-1.41667928250933,1,-0.199564782935997,0,1
"753",-0.456670473870726,0,0.672441147851427,1,1
"754",1.1911455468145,0,1.21432493679102,2,1
"755",0.81794632702388,1,2.46956121930502,2,1
"756",1.64230168085007,0,1.26713580478771,1,1
"757",0.923901400722569,0,-0.478037303485367,0,1
"758",2.83598017665285,0,1.80670551776195,1,1
"759",-0.828815041700582,0,-1.93125329067307,0,1
"760",-0.213582108154597,0,0.64663772633158,0,1
"761",-1.76702008660736,1,0.274819670489594,0,1
"762",0.436731743414097,1,-0.622439125481992,0,1
"763",0.0617152856170901,1,0.982379944819261,0,1
"764",0.591385309244117,0,0.785758966321048,1,1
"765",2.03588108694622,0,2.61245409001389,1,1
"766",1.236812799125,0,0.801457377193893,0,1
"767",2.1247885698476,0,1.27465417463544,1,1
"768",-0.0943521416135964,0,1.22945468921275,0,1
"769",1.31449624677202,0,2.73524816663487,1,1
"770",1.18287468113283,1,2.23880876910298,2,1
"771",2.29227927050851,1,2.48814946620549,1,1
"772",-0.218877412332615,1,0.234559570882928,0,1
"773",-2.3683796286649,0,3.20697666077425,1,1
"774",2.12865333148489,0,1.61565973951724,1,1
"775",1.53124926007521,1,1.94243564260733,2,1
"776",1.19203559804891,1,1.06613974417554,0,1
"777",-1.41175145315411,0,0.0984682749572397,0,1
"778",-0.317380782808015,0,2.19770370178691,2,1
"779",0.931534194220722,0,3.01044377709673,1,1
"780",-0.05852955484357,0,-0.364460818051663,1,1
"781",-0.0991156594767568,1,1.69264018475272,1,1
"782",1.19325907802682,1,1.08905086357867,0,1
"783",0.408313392822645,0,0.371079538481132,0,1
"784",-1.38821664802865,0,0.196788265292781,1,1
"785",1.57813432185414,0,1.03757181402018,0,1
"786",-1.90029505048625,0,1.56461753998464,0,1
"787",0.977897516020567,0,0.511726968253607,0,1
"788",1.49835681005713,1,4.36866535275642,2,1
"789",-1.25712432675972,1,0.520183367821078,2,1
"790",0.0970845426817468,0,1.2721136099172,1,1
"791",0.541200691657459,0,1.04059135243186,1,1
"792",0.143188975380511,0,-2.12934813297766,0,1
"793",1.81869163982304,0,1.74318649233272,1,1
"794",1.93578777695244,0,0.891623027493856,1,1
"795",0.25199806257938,0,1.9902108419798,1,1
"796",0.391717392717223,1,1.34629487909818,0,1
"797",-1.52275135226774,0,2.7342705167839,1,1
"798",0.187939877431624,1,2.14804985947238,2,1
"799",-0.335167670400263,1,1.42931705688218,0,1
"800",0.255764570697928,0,4.24938425465682,2,1
"801",1.62207228862292,1,1.76033438211733,0,1
"802",-2.89319899896962,1,2.47117562537926,0,1
"803",-0.487256908542842,0,-0.636685818087519,1,1
"804",1.65310955331425,0,2.8282342445009,2,1
"805",1.13144004450731,1,1.85573713535668,1,1
"806",1.80880232062365,0,0.231794007099851,0,1
"807",0.144069267732957,1,1.19454667262977,2,1
"808",0.645976176216344,1,-0.116917134322676,1,1
"809",1.03538612604424,0,0.7711366946055,0,1
"810",-0.794355178205682,0,-0.172037347259486,1,1
"811",-0.798568858467685,0,1.20813898104596,0,1
"812",1.86471694535547,1,-0.371181268816718,0,1
"813",-0.378108540795571,1,1.60280666138801,2,1
"814",0.280622219828521,1,1.05332202827382,1,1
"815",-0.946653901356271,0,1.73255665983863,1,1
"816",-1.88309255883428,0,2.18514926269895,1,1
"817",0.641039289213806,1,-1.70714749089287,0,1
"818",1.53106556962475,0,2.59152485083885,2,1
"819",-0.234422818461379,1,2.43127710677685,2,1
"820",-1.28097330275097,0,1.1264951392399,1,1
"821",1.049629616052,0,1.12075907209758,2,1
"822",-1.15937406027719,0,1.62409786174559,1,1
"823",-0.930071808694725,1,2.02197055366726,0,1
"824",-0.231768564096772,0,0.600850171548366,0,1
"825",-2.04053152690259,1,0.714311919291882,0,1
"826",1.33304004784363,0,3.62300428581531,2,1
"827",1.01806759584631,0,-0.608055142681151,0,1
"828",1.31389240928972,0,0.394215416503532,0,1
"829",2.01556204087426,0,3.44270255352867,1,1
"830",1.56425883092742,1,2.84554696875573,1,1
"831",-0.051029127687829,0,1.53465274565026,1,1
"832",0.466750768443665,0,2.64722140507093,2,1
"833",-1.58228957830437,1,-0.800876483318227,2,1
"834",-0.287176149284517,0,2.19079251100931,1,1
"835",0.806214874206669,0,1.85440842838378,2,1
"836",1.89342865041761,0,1.22693096728944,0,1
"837",1.60837553437799,0,0.967207367207549,1,1
"838",-0.312830165107069,0,2.7385488380778,2,1
"839",-0.49893996106258,0,0.456592514400765,0,1
"840",-1.64439005300416,0,-0.659182673290001,0,1
"841",2.50484760034411,0,1.19098482797712,0,1
"842",0.125353432856841,0,0.91974665187476,0,1
"843",0.798733383736297,0,2.14548504057803,2,1
"844",-0.107272568678883,0,0.608874609231459,0,1
"845",0.845500881523901,0,0.752504953662568,1,1
"846",1.39677891862485,0,1.17203358456616,0,1
"847",1.46891306713567,0,1.00818375902023,2,1
"848",0.931196447226888,1,3.25394769802201,2,1
"849",-0.474349145316012,1,1.9150415739723,2,1
"850",1.90113512893807,0,1.94662671405665,1,1
"851",2.86518952222137,0,2.83304401767368,1,1
"852",1.31788241272051,0,-0.243052874985912,1,1
"853",-2.18187280623736,1,3.51665098229665,2,1
"854",0.175090186586987,0,0.0555287010848766,1,1
"855",0.867900023044153,0,2.01726017831632,0,1
"856",-0.879258964729395,0,0.814713004229345,1,1
"857",-2.62052390006242,0,2.6541725214361,0,1
"858",-0.578480664287466,1,1.94615904342034,2,1
"859",0.049551299116504,0,0.448038241736075,1,1
"860",0.718783378429622,0,-0.437595883665297,0,1
"861",-0.126215938282217,0,1.18293512279507,0,1
"862",2.62695792920745,1,1.10062392225256,0,1
"863",-1.46752626745901,0,0.180362160651694,0,1
"864",-0.274910183568911,0,-0.782159269617184,0,1
"865",0.131645119935135,0,1.56887406075764,1,1
"866",0.684948663935977,0,-1.4134133414051,1,1
"867",0.998589148965296,0,0.795390584789165,1,1
"868",0.943335616546835,0,1.58623599286684,1,1
"869",-1.69436118992654,1,2.43552164192277,1,1
"870",2.40089545794036,0,1.2911003446025,1,1
"871",2.12611920512739,1,1.24805809802099,0,1
"872",2.13781990063941,1,2.18791488157419,0,1
"873",2.4324332970764,0,2.24180035686677,0,1
"874",0.397251031841624,0,1.10482585723749,0,1
"875",0.299714220477295,1,0.373703545861427,0,1
"876",1.71994012770548,0,-0.00804395515842782,0,1
"877",-3.15594605436554,0,2.05421760340821,0,1
"878",1.12229182609571,0,2.73152055160148,2,1
"879",2.3939639288745,0,0.771491519094447,1,1
"880",-0.404166045065545,0,0.532691521881777,1,1
"881",1.06228241087055,1,-0.255423900466571,1,1
"882",0.493467715782204,0,1.48230417247778,1,1
"883",0.192340919301833,0,1.03605079033711,2,1
"884",0.712381124427823,0,2.14460588123837,1,1
"885",0.985382557344247,1,-0.164207032190469,1,1
"886",2.86383239907826,0,-0.285552603665773,1,1
"887",2.1922277999254,1,1.96112750415507,2,1
"888",0.895198399060851,0,0.761882005715169,1,1
"889",2.2175783533929,1,2.65494154542455,2,1
"890",2.34863502915914,0,2.00374894656286,0,1
"891",-1.48659158892425,0,1.33410090194909,0,1
"892",1.81964066921734,0,0.267549917793661,0,1
"893",0.448566740150904,0,2.70179738801895,1,1
"894",1.92062236217878,1,1.92009444992751,2,1
"895",0.369948645197268,0,2.50263564444869,2,1
"896",0.244160445280982,0,-0.535092219975829,1,1
"897",2.18516414074514,0,0.697122557300403,1,1
"898",1.38295170741531,0,2.21708519551587,2,1
"899",-0.257407136075875,1,0.844407427781167,2,1
"900",0.271118948739506,0,2.63228853153097,2,1
"901",2.7943846859338,1,4.66793540466389,2,1
"902",-1.44629387496685,1,3.09484229247891,0,1
"903",1.70758095760286,1,1.59460698786859,0,1
"904",-2.55100910093641,1,1.04564487070599,1,1
"905",-0.0778470383215228,0,0.968882557233901,0,1
"906",1.60938036997874,1,1.43659551924722,1,1
"907",0.310517979051983,1,1.22662684991135,0,1
"908",-0.490347177984786,1,1.53962944232086,1,1
"909",0.771339037733395,0,-0.622978958479232,0,1
"910",2.96759368323153,0,2.00911196731352,2,1
"911",-0.244478223218431,1,1.33908610868171,1,1
"912",2.34763970765429,1,1.50341857116562,0,1
"913",-0.338529372801139,0,-0.0128800289687164,1,1
"914",1.51025913921896,1,2.73872987346891,1,1
"915",-0.571389017741692,1,1.74177727898417,0,1
"916",2.9320155668108,0,2.12663967206746,0,1
"917",-1.75193697166493,1,-1.16996790307225,0,1
"918",-1.75703173869225,0,0.446688918247364,1,1
"919",-1.79162143856019,1,0.452418126000909,0,1
"920",-0.35511724293927,0,0.378974336577285,1,1
"921",-0.111633389505629,1,-0.878458463890783,0,1
"922",0.244829267982446,0,1.44858966581848,2,1
"923",-1.33169201153704,1,-0.0264610997367773,1,1
"924",-0.686853049233812,1,1.64680525361638,1,1
"925",2.23572952575679,0,1.24646058899793,0,1
"926",-1.61989372814565,1,2.45704227281515,2,1
"927",2.71535051815231,0,1.44905430122469,1,1
"928",2.41602834063439,1,1.38163580033182,1,1
"929",0.443398059011616,0,0.0650323018316851,0,1
"930",-1.09675456647351,0,0.253356929768246,1,1
"931",1.14641232260436,1,1.53637875395204,2,1
"932",2.45270625473314,1,1.27893566184177,1,1
"933",0.94573286680532,0,0.387792277103806,1,1
"934",0.252610220738744,0,0.370261211789238,0,1
"935",-1.84601735450801,0,2.84733157433496,1,1
"936",0.841296539545921,0,0.378522295896809,1,1
"937",1.19950806687367,0,4.29696344390004,2,1
"938",1.75736887265557,0,0.958546854965767,1,1
"939",0.425957003318008,0,-0.190508652541525,1,1
"940",1.79560475104595,0,-0.655651315811554,0,1
"941",1.12547873004455,0,1.14018166943295,0,1
"942",1.39501983923757,0,1.47968405305342,1,1
"943",-0.525638101840713,1,0.550806727224547,0,1
"944",0.321471692037322,0,1.27768737057479,2,1
"945",-1.65397689087249,1,-0.493453083817598,0,1
"946",-1.75587899729828,1,0.122898894571662,0,1
"947",0.571990690582967,0,0.554698009049587,2,1
"948",0.300464031571657,0,1.46265376042118,2,1
"949",1.52012495675089,1,3.20787042876122,1,1
"950",0.733653471084759,0,0.922067286089549,0,1
"951",1.44996181962238,0,1.01872935152105,0,1
"952",-0.576372616449798,1,1.1592621922217,2,1
"953",1.26003842763067,0,0.0619284080881284,1,1
"954",1.56663870744325,1,1.65382659255046,0,1
"955",-0.646031305861844,1,0.93833007991297,2,1
"956",1.11808968367083,1,3.34466559257404,2,1
"957",-0.894665320816069,0,-0.358791320374707,0,1
"958",2.16979794729896,0,1.96429003946362,0,1
"959",-1.61708221091397,1,0.411141491251638,1,1
"960",-0.198451378689559,0,1.37623644231987,1,1
"961",-0.135807089495,0,1.38179679489219,0,1
"962",-1.51114767072282,0,0.860895689859764,1,1
"963",0.200796217117279,0,-0.757910532792703,1,1
"964",1.67127705621998,1,0.144447953135735,1,1
"965",-2.10874677602432,0,0.0913532890007374,0,1
"966",0.496137670918854,1,1.84276355129856,1,1
"967",1.98882268372477,0,2.10606284194143,1,1
"968",1.08648826451864,1,1.91284148203029,1,1
"969",0.739674177535712,0,0.89302711029292,0,1
"970",0.857236199814946,0,0.83502404030136,0,1
"971",-0.894630602731785,0,-1.26965557437319,0,1
"972",0.397513401994419,0,0.332609395713036,0,1
"973",-1.04008353487254,1,1.26987600986209,1,1
"974",-0.372482525051696,0,0.901378709619086,1,1
"975",0.116458621925834,0,1.14627982389994,1,1
"976",-0.687099987263871,1,0.825738081968846,1,1
"977",0.520959907712699,1,2.60914518265538,2,1
"978",-2.95377657805189,0,-0.111082684976304,0,1
"979",-0.626040480437427,0,-1.31069195218736,0,1
"980",0.903657130628033,1,1.19602934400864,1,1
"981",1.16671519319295,0,-1.15059532274853,0,1
"982",-1.05573220861548,1,0.339174161840923,2,1
"983",1.86142949426461,0,-1.18170100830686,0,1
"984",1.97208464393208,0,0.199927533531782,0,1
"985",-1.24087232922223,0,0.325363875879687,0,1
"986",-0.825271580917336,0,0.72230166841129,0,1
"987",1.28721504125752,0,1.9250266966974,1,1
"988",0.425168315013607,0,2.48969931617293,1,1
"989",1.13846167281012,0,0.805771620726593,1,1
"990",0.282612400597287,1,0.645783115965621,0,1
"991",0.273996970256657,0,1.45156017713602,0,1
"992",1.96909783717564,0,1.32384670269754,1,1
"993",0.147912752665345,0,3.78192599209417,2,1
"994",1.38111420996508,0,1.80214216169164,1,1
"995",0.051244639996591,1,0.827024135069007,1,1
"996",0.576736526387202,1,1.05864348701712,0,1
"997",1.99471404842843,1,2.44701121767771,0,1
"998",1.41108644053809,0,-0.21876196134949,2,1
"999",0.365446401021638,0,1.39574402672843,0,1
"1000",0.215121436310081,0,0.439614169826262,0,1
"1001",-0.565745869732622,0,0.61985124142482,0,0
"1002",1.32293593484781,0,1.02216387207136,0,0
"1003",-0.0118974707489252,0,-0.448643588285154,0,0
"1004",0.550064542394431,0,1.31258453586846,1,0
"1005",1.78172878527747,1,3.42251404356552,2,0
"1006",1.60487440070045,0,1.61967172061387,0,0
"1007",0.0496577117781664,1,-0.107669559199037,0,0
"1008",-0.964136268193596,0,-1.24201641080466,1,0
"1009",1.27459511392995,0,1.02193244135181,1,0
"1010",-0.61277611680844,1,1.32012828779366,1,0
"1011",-0.838691820793695,0,1.80831334524216,0,0
"1012",0.087306177883798,1,1.75721223890079,1,0
"1013",-1.15923049381702,1,0.225221443762127,0,0
"1014",-0.440353167516328,0,0.215652074350295,0,0
"1015",-1.59270074680337,0,0.118969516984885,0,0
"1016",1.44572019974127,0,0.747160689551309,0,0
"1017",0.572047894488041,0,2.29127866932589,0,0
"1018",-0.699153932182955,0,0.0041476737715217,0,0
"1019",-0.694680216092102,0,-1.02708174838618,0,0
"1020",-0.562654561100741,0,0.103016756200033,0,0
"1021",-0.055334192654161,0,-1.3676590043636,0,0
"1022",-1.5763133317297,1,0.177400740797314,0,0
"1023",0.240959515759717,1,-0.466671458349943,0,0
"1024",-0.765893670075695,0,0.221596981347975,1,0
"1025",-0.667126970829957,1,1.6165238686404,2,0
"1026",-2.81403641776707,0,1.09912138823031,0,0
"1027",1.04686064992023,0,-0.0921256886616525,0,0
"1028",0.966112592006573,0,0.687181830563821,0,0
"1029",-0.972121061485502,1,-0.716236784814248,0,0
"1030",-0.570960677078089,0,-1.09851859934443,0,0
"1031",1.11042713297291,0,1.18331927217093,0,0
"1032",-0.884910246819478,1,-0.301504946293948,0,0
"1033",1.00511242252993,0,0.755329996269516,1,0
"1034",0.812944585337896,0,1.19931787494905,0,0
"1035",0.572543262657503,1,-0.342733893422759,0,0
"1036",0.73280983789501,1,1.87940490086131,0,0
"1037",-0.169973686526792,0,0.12753584054929,0,0
"1038",-0.404614995505198,0,1.79019997844263,1,0
"1039",-1.04043040398762,0,1.16022299581914,0,0
"1040",0.439610606231657,1,0.721843316546999,0,0
"1041",-1.68117048900068,0,-0.445438749100486,0,0
"1042",-2.00664247251498,1,0.247240464568874,0,0
"1043",1.58522541363486,0,0.870197690884619,0,0
"1044",0.551437376801885,0,-0.435650720848999,0,0
"1045",-0.915492545342358,1,2.70441782675931,0,0
"1046",-1.23675474401891,0,-0.684458483904181,0,0
"1047",0.501981804590909,0,-0.244281785262598,0,0
"1048",0.49560987587082,0,0.90135737207876,1,0
"1049",-1.69238146323974,1,1.05674485840543,1,0
"1050",-1.03859066538582,1,1.78886247767788,1,0
"1051",-0.935908104480132,1,-0.790415609923054,0,0
"1052",1.24078459844125,0,0.138367794375708,1,0
"1053",0.156903093375702,0,-1.7085619692578,1,0
"1054",-0.00966802049245987,0,0.700502246658753,0,0
"1055",0.821922397894661,0,0.180100984943286,0,0
"1056",-1.20378079687509,0,1.85208596632294,0,0
"1057",0.904283959924093,1,0.756379639001231,0,0
"1058",-0.173637952504354,1,-0.269276981748546,1,0
"1059",-0.586721069945256,0,-0.0562598722117358,1,0
"1060",-1.23365548239905,1,-0.898235179080708,0,0
"1061",0.809483673747951,0,0.231924662857594,1,0
"1062",1.20635298782665,0,0.0548462565836848,1,0
"1063",0.920182163201883,0,1.35535182579542,0,0
"1064",1.00705985701062,0,0.0689989753155212,1,0
"1065",0.497274220231717,0,0.620190877468089,1,0
"1066",0.682034153950264,1,1.65873782191336,0,0
"1067",-0.0380441168693192,0,0.242703789496687,0,0
"1068",0.738493752425712,1,1.54865300157151,0,0
"1069",-1.2162355389343,1,-1.39233504540337,0,0
"1070",-1.39372515340336,0,-0.236047540549567,0,0
"1071",-0.304608558072493,0,-0.242338386704887,1,0
"1072",0.809073395099684,0,0.870564631663734,0,0
"1073",-1.10886261565682,0,-0.275707660312189,0,0
"1074",-2.04363233714846,0,0.525646947018205,0,0
"1075",1.35409156985409,0,-0.496359655905514,0,0
"1076",0.123259931454514,0,0.188796892252781,0,0
"1077",-1.51277303405465,0,0.953699036670162,0,0
"1078",-0.0984067280931193,0,-0.409843515376493,0,0
"1079",-0.644530488377462,0,0.946983740770775,0,0
"1080",1.81869087116323,0,1.59339105299461,1,0
"1081",0.41890557536033,0,0.586394843536286,1,0
"1082",-1.99730927703308,0,1.11384377304214,1,0
"1083",-0.681549732370039,0,0.656025830486074,0,0
"1084",-0.0655042249468885,0,-1.92553792082469,0,0
"1085",-0.0384513394670894,0,-0.529943652807848,0,0
"1086",-1.04256683063649,1,0.271325322557332,0,0
"1087",-2.47011153502026,1,0.919698013612463,1,0
"1088",-1.18772475646548,1,-0.186617169303305,0,0
"1089",-1.58788241030489,0,1.66110792828534,2,0
"1090",-0.0391229998598373,1,-0.698891177616953,1,0
"1091",-0.538277032037289,0,-0.0191350559179732,0,0
"1092",-0.435237060017615,0,0.126907250566565,0,0
"1093",-0.339362551628137,0,-0.135924766849385,1,0
"1094",1.23673521534522,0,0.778661350512086,1,0
"1095",-3.13747284396095,0,-0.349588860454574,0,0
"1096",0.811229672327918,1,0.414656119761887,1,0
"1097",-0.869539535044332,0,2.84715626976579,2,0
"1098",0.431086733837815,0,0.0722657248419602,0,0
"1099",1.72592052538695,0,0.473496777934192,1,0
"1100",-0.837879141108443,0,1.37023096123625,1,0
"1101",1.27697615757727,0,-1.44617924700147,0,0
"1102",-0.659715188841763,0,-0.527499685686576,0,0
"1103",-0.639665223976732,0,0.511477166463388,0,0
"1104",-0.0691954875856639,1,0.148450574330186,0,0
"1105",0.791579852779982,0,0.793630416571174,1,0
"1106",-0.569478713768028,1,0.0228913507196906,0,0
"1107",-2.66745657551157,0,-0.0714430166561278,0,0
"1108",0.820093094542645,0,0.610255022525065,0,0
"1109",-1.14536447441042,0,1.07425941171221,0,0
"1110",0.539600300138056,0,1.48937348754143,0,0
"1111",0.137040316015303,1,0.360375362799045,0,0
"1112",0.268120952868891,0,0.140446883625523,1,0
"1113",1.24254641085335,0,-0.115679011403901,1,0
"1114",0.179975185970024,0,0.607733494390836,0,0
"1115",-1.31818709415095,1,0.441922339422909,1,0
"1116",0.56164815628361,0,0.33547093715588,0,0
"1117",1.48859048879704,1,1.36333852029852,0,0
"1118",-0.0558827449859947,0,1.31423636017923,0,0
"1119",0.305065637659532,0,1.37243679063744,1,0
"1120",-0.245637593344558,0,-0.311948193573813,0,0
"1121",-1.31015140940404,0,-1.6129331641364,0,0
"1122",1.40493411980064,1,1.75199120021162,1,0
"1123",-1.71103426042587,0,-0.18531355774207,1,0
"1124",-0.157486852227317,0,0.429206992919844,0,0
"1125",1.06832653981985,0,0.76976006005811,0,0
"1126",0.0374156589996998,1,1.34795634394897,2,0
"1127",-0.434035134459347,0,-1.71986219355853,0,0
"1128",1.47685827496071,0,-2.15222135179989,0,0
"1129",0.0390018164719917,1,-0.0935547584179007,0,0
"1130",1.0037115451394,0,2.41763560597545,0,0
"1131",0.741565193226974,1,2.51573205586988,1,0
"1132",0.827268186015869,0,0.0187750873060492,0,0
"1133",0.824355281120706,0,-0.65528205567356,0,0
"1134",0.350332471702399,0,-0.990235270719805,0,0
"1135",0.741900727767285,0,2.35657872900139,1,0
"1136",0.661450813180455,0,1.75374478022164,0,0
"1137",-0.233948076742208,0,-0.979537705925656,0,0
"1138",1.46790304677047,0,0.595932656110568,0,0
"1139",1.00015131295943,0,-1.86630821785418,0,0
"1140",-0.477883286083059,0,-0.627077278111751,0,0
"1141",0.339564260139072,0,-0.238944520630134,0,0
"1142",-0.843144942324248,1,-0.0638151824035787,0,0
"1143",0.681474428481271,0,1.77949145087339,1,0
"1144",-0.518536969054637,1,1.63064686439837,0,0
"1145",-0.691515261649384,1,-1.58098114004737,0,0
"1146",-0.428538305912164,0,-1.50328701829973,0,0
"1147",-0.772937836847878,0,-0.601659211302429,0,0
"1148",-1.46655020814154,1,0.903740703396774,0,0
"1149",1.1838758016959,0,0.383240698654629,0,0
"1150",-0.109786158705137,1,1.40726296781802,0,0
"1151",2.21371002457848,0,0.643951000622608,0,0
"1152",0.76016630206088,1,1.94373884895205,0,0
"1153",0.612122772873346,1,-0.964896757470457,0,0
"1154",0.0476582779282144,0,-0.501516832740623,0,0
"1155",-0.504887411969886,0,1.93134969216827,0,0
"1156",2.43769577134146,1,1.76550377218997,1,0
"1157",-1.25877656465913,0,1.19685850601891,0,0
"1158",1.01050296607104,1,1.72110135473057,1,0
"1159",0.118130123303285,1,-1.83224664112638,0,0
"1160",-0.973110600035187,0,0.121434542106553,1,0
"1161",-0.0437783247492047,0,-2.70206725655305,0,0
"1162",-0.663721243427541,1,-0.407259358903288,0,0
"1163",-1.05784282211255,0,1.48705852245847,0,0
"1164",0.13180601351246,1,1.81864181737853,0,0
"1165",-0.518186825198379,1,0.0370764338579419,1,0
"1166",-0.885743314949649,1,-0.237205455935589,1,0
"1167",0.328066735047313,0,-0.200359166646582,0,0
"1168",-0.869525809510723,0,0.0692295726834174,0,0
"1169",-0.565277243989138,1,1.61627624666357,0,0
"1170",0.737239412796225,1,0.684858372412345,1,0
"1171",0.0571994980596021,0,1.27235181447009,1,0
"1172",-0.255362330214559,0,-1.27102280832755,0,0
"1173",1.2127363896585,0,-0.384741692044918,0,0
"1174",0.0737557698461167,0,1.3674212523182,1,0
"1175",1.74163982924053,0,1.69271837632561,2,0
"1176",-0.61470023276472,0,0.823580167594278,0,0
"1177",-1.61366691306103,0,0.725650253279611,0,0
"1178",-0.227412283864498,0,0.719235382935166,0,0
"1179",-1.20955932016765,0,2.39787375006749,0,0
"1180",0.523051365297921,0,0.996593786783213,0,0
"1181",1.70610834071816,0,-1.07740990597309,0,0
"1182",1.99929059235756,0,0.044110548902173,0,0
"1183",-0.939445129259399,1,1.26959417147033,0,0
"1184",-1.0010009786185,0,0.456043299936957,0,0
"1185",-0.560811542547832,0,-1.0398971852567,1,0
"1186",-0.727148685527765,0,0.34887883141465,0,0
"1187",-0.906550549903931,1,-0.742809800506826,0,0
"1188",-0.199130003076718,0,0.781927446954734,0,0
"1189",1.34022520418936,0,-1.08266621517723,0,0
"1190",-0.577142928909887,1,0.4518586561577,0,0
"1191",2.32005762546729,1,1.60059991958108,0,0
"1192",-0.485091177898422,0,-1.11439586903838,0,0
"1193",-0.646322424681409,0,-0.220215927843588,0,0
"1194",0.142366550854612,1,0.969140699639095,1,0
"1195",1.37302051718188,0,-0.375723849886264,0,0
"1196",0.99077835407544,0,1.85101169827626,1,0
"1197",-0.486846033200688,0,-0.0689489259644266,0,0
"1198",-0.509987542653052,0,1.44354391713986,0,0
"1199",0.0446744308910787,0,0.238449126421478,0,0
"1200",1.46616646851764,0,0.314034225993698,0,0
"1201",1.20549115981297,0,1.85767607580287,0,0
"1202",1.17343200444929,0,1.08124115444431,2,0
"1203",0.447214082005096,0,0.784080933916513,2,0
"1204",-0.939139010368302,0,0.0952983530268335,1,0
"1205",0.0683080600399715,1,1.46660829311137,0,0
"1206",-0.664595922246647,0,-0.298756993540467,1,0
"1207",-0.475350662791044,0,-0.467049924417477,1,0
"1208",0.51971673846976,0,1.19617274299271,2,0
"1209",1.02139587854614,0,3.12962518741685,1,0
"1210",-0.601099358506485,1,0.632760961935844,1,0
"1211",-0.316333977310392,0,1.43232550616339,1,0
"1212",-1.94871928531931,0,0.06009070042093,0,0
"1213",-0.725971284081469,1,1.58803203685129,0,0
"1214",0.386485142611965,0,3.24281014921323,0,0
"1215",0.457784459297798,1,1.9025586878856,1,0
"1216",1.74117092187584,0,1.29935884957554,0,0
"1217",0.926851213607153,0,1.69912214023361,2,0
"1218",0.753466964875875,0,1.09504515707464,0,0
"1219",0.269695687855478,0,-1.16448844464877,0,0
"1220",-1.74820104466117,0,0.32933902111691,0,0
"1221",-0.632959106250633,1,1.93615121536922,1,0
"1222",-0.121597005608717,1,1.20039563047117,1,0
"1223",1.54711524659197,0,0.0547424440206323,2,0
"1224",-0.157218514413535,0,-0.202072264215286,0,0
"1225",0.029091354172723,0,-0.899695658752189,0,0
"1226",1.07712175373804,0,-0.735177396492123,0,0
"1227",0.584756570236176,0,1.38276227134624,0,0
"1228",0.97722175944568,1,3.18575387959644,1,0
"1229",-1.01629530364016,0,-1.27547580298964,0,0
"1230",-1.37881427498388,0,0.779913527107074,0,0
"1231",-0.543332563982985,0,-1.31875688769448,0,0
"1232",1.33049423786662,0,0.684708113840233,1,0
"1233",0.940002581938241,0,-0.44083909890562,0,0
"1234",1.37725232875323,0,0.52015746414576,2,0
"1235",0.315156374969658,0,0.519920675133198,0,0
"1236",-0.651053985331069,0,0.0735110763137215,0,0
"1237",0.15179040144663,0,0.639700926378776,1,0
"1238",0.181172263957066,0,0.237171109756781,0,0
"1239",-0.502011145189868,0,-0.913569927662133,1,0
"1240",0.0306110572667472,0,0.429448484579936,0,0
"1241",0.349221760567198,0,-1.1480065417675,0,0
"1242",-1.38907554186921,0,-0.569233924123226,0,0
"1243",-0.681778324565463,0,-0.417246833979017,0,0
"1244",0.00196491377156158,0,1.56641864180193,2,0
"1245",-0.706256328692361,0,-0.165087246086293,0,0
"1246",1.27641487132174,0,2.21766317253472,1,0
"1247",-0.245800899194727,0,0.580463410186762,0,0
"1248",0.95624321510171,0,0.362488138875167,0,0
"1249",-1.37607800083652,0,0.137721845489921,1,0
"1250",0.300675881796932,0,-1.80160561020573,0,0
"1251",0.344306512767007,0,-0.762321968461554,0,0
"1252",0.828004626177178,1,1.60913539098077,0,0
"1253",0.0937682186995678,0,0.861800205276828,1,0
"1254",-0.775618343476071,1,1.71659389767764,1,0
"1255",0.563578580923927,1,1.42850434996526,1,0
"1256",-0.922809015128072,0,-0.30277103852738,0,0
"1257",-0.59209238079271,1,1.03255152754344,1,0
"1258",1.41390735818755,0,2.00180135052102,0,0
"1259",-0.0346428484733806,0,0.0193454193724706,0,0
"1260",0.316030880461966,0,0.00270535711611521,0,0
"1261",-0.332540431986398,1,1.9594679725651,1,0
"1262",-2.53354996910402,0,1.33051035182163,0,0
"1263",-1.85982168466262,0,-1.22166341843538,0,0
"1264",0.983073884128335,1,0.7630023611121,1,0
"1265",1.03861032772198,0,-1.11853865204128,1,0
"1266",-1.14841900320417,0,-1.31314368062534,1,0
"1267",-0.337791705762137,0,-0.645508540493672,0,0
"1268",1.24491468804075,0,1.69508245327931,2,0
"1269",-0.349855452754089,0,0.14229096543763,0,0
"1270",0.86102095690941,1,0.813798563264456,0,0
"1271",0.645044377010919,0,-0.335568095394642,0,0
"1272",-0.191058793414138,0,0.600427520243477,0,0
"1273",1.06847839149974,0,0.272517275806825,0,0
"1274",1.67197982954211,0,-0.144891645002968,0,0
"1275",-0.580963262316921,0,-0.333849833945408,0,0
"1276",0.788153406116067,0,0.763162582213097,0,0
"1277",-0.508937447988982,0,0.0711882600342421,1,0
"1278",0.215348511244718,0,0.762593771994422,1,0
"1279",0.594048344611569,0,-0.420839642059682,0,0
"1280",-1.30684306030305,0,-0.406671529496935,0,0
"1281",0.687033325351653,0,1.06375098721698,1,0
"1282",0.232410170199495,0,0.419902396837465,0,0
"1283",1.00771436597197,0,1.11187278680086,0,0
"1284",-0.568737601573213,0,2.07499685760912,2,0
"1285",-1.27173765829052,1,0.169079776516784,0,0
"1286",-1.55863894779604,0,1.30687310204909,0,0
"1287",0.2021856233368,1,1.12850878199956,0,0
"1288",-1.04807140221997,0,1.86002548206655,1,0
"1289",0.414955453628018,0,0.695151300696277,0,0
"1290",0.291284588248005,0,0.212378930275413,1,0
"1291",0.969426463070368,0,-0.321247863154546,0,0
"1292",-0.659417995941104,1,-0.251995311458412,0,0
"1293",0.440734421036501,0,0.574477692187369,1,0
"1294",1.38987462561019,0,0.753063947638695,0,0
"1295",-0.405045121739221,0,-0.735297727011651,0,0
"1296",-1.17724734391537,1,-0.178714558995949,1,0
"1297",-1.77781937611765,0,-0.687567133717816,0,0
"1298",-2.16064238365045,1,-1.0338763920332,1,0
"1299",-0.953710684704959,0,-0.999495667842274,0,0
"1300",0.254715169763468,1,0.380554695888568,0,0
"1301",0.148312579076462,1,0.872656622313158,0,0
"1302",-0.610537380259053,0,0.319315077454195,0,0
"1303",0.195301591695654,1,-0.941603386872931,0,0
"1304",0.378527515538549,1,1.28392063542586,1,0
"1305",0.668604499373598,1,0.597323521049835,1,0
"1306",0.841454465842559,1,-1.53652996175488,0,0
"1307",0.121530638029276,0,-0.862371740469249,0,0
"1308",1.1375427755752,0,0.0182271980496067,1,0
"1309",-0.473078062976528,0,1.3293390759996,0,0
"1310",0.240818350620612,0,1.21972427235802,0,0
"1311",0.903015495113086,0,1.02997315239205,0,0
"1312",-0.622262551754591,0,0.485670081008015,0,0
"1313",0.197006339729861,0,-0.986092376339799,0,0
"1314",-0.238903536840918,0,1.40562654224628,0,0
"1315",-1.2048712481807,0,-0.513980055256118,0,0
"1316",1.56958080638866,0,2.19907084628854,1,0
"1317",-0.686260320550325,1,2.25235419419447,0,0
"1318",1.09546186113189,1,2.24466259372948,1,0
"1319",0.922642898972749,1,1.12367986083572,1,0
"1320",-0.153400155592282,0,-0.0410685791354697,0,0
"1321",-1.09580101590962,0,-0.966776096282714,0,0
"1322",-0.369977277560141,0,2.86912333267198,1,0
"1323",1.46393764557236,0,0.388519937247919,0,0
"1324",1.06736161860745,0,0.0329143465149984,0,0
"1325",-0.540126572123815,0,0.458120355818737,1,0
"1326",-0.348995905422145,1,0.471630086358668,0,0
"1327",1.0782079799859,0,2.04307179075723,2,0
"1328",0.0633495062819051,0,0.162161528011159,0,0
"1329",-0.192345689955667,0,-0.489237200044201,1,0
"1330",-1.3182892442925,0,1.66747414438384,0,0
"1331",0.2642653553272,0,2.43952705317515,0,0
"1332",-1.16807147285488,0,-0.493862949024858,0,0
"1333",-0.12850849786084,0,3.33246294629571,1,0
"1334",-0.485768052459293,0,0.20829405792792,0,0
"1335",-0.124642211397247,1,-0.926026754988557,1,0
"1336",-0.0469624603633481,0,-0.610145222083252,0,0
"1337",-1.3231325379686,0,-0.523265242594088,0,0
"1338",-0.728265970174854,1,1.45852900185398,1,0
"1339",-1.0232526514482,0,2.01021164727269,1,0
"1340",0.132272463102924,0,1.42518395788792,0,0
"1341",-0.766172133002516,0,1.47653118049637,0,0
"1342",-1.48923883077957,0,1.3149035432247,0,0
"1343",1.18320779038825,1,2.10671520425646,0,0
"1344",1.77764789009307,0,-0.37671063002509,1,0
"1345",0.436439196594442,0,0.55359215428153,1,0
"1346",-0.205380017609897,0,-2.48118966422263,0,0
"1347",0.736060000313476,0,-0.65004575757862,0,0
"1348",0.112699531706352,0,2.30042980363312,1,0
"1349",-0.450910940983107,0,-0.99374149545794,0,0
"1350",-0.898917486447909,0,-0.25921926242024,0,0
"1351",-0.313713628264555,0,-0.0380862030829225,0,0
"1352",0.755183087252849,0,0.653608802772117,2,0
"1353",-0.606340732473764,1,0.246742557237493,0,0
"1354",0.281626277624956,0,0.323341222774921,0,0
"1355",-1.18367974003434,0,-0.597895052362242,0,0
"1356",-1.75156631691901,1,2.61809992323974,1,0
"1357",-1.43344402344871,1,-1.03780689840802,0,0
"1358",1.36992466950472,1,-0.683261177292406,0,0
"1359",-1.723384807414,0,2.79280242476547,0,0
"1360",-0.229080302128358,0,-1.29846123270117,1,0
"1361",0.562346951568326,0,-0.068073065365281,0,0
"1362",0.24765988929754,0,1.29222661966164,2,0
"1363",-0.547447747615684,0,0.291087461832905,0,0
"1364",0.407903636003252,0,0.107396253102301,1,0
"1365",-2.09303376399611,0,0.412156816114914,0,0
"1366",1.62893651957313,0,-0.47549282732268,0,0
"1367",0.22343214341455,0,1.35727608195497,1,0
"1368",-1.57097723242357,1,0.0474682048725511,0,0
"1369",-0.110311902287677,0,0.427330338245845,1,0
"1370",1.34042303802647,0,-0.408399185012311,1,0
"1371",-0.718179674115363,1,-0.0174370644410686,0,0
"1372",-0.739799604956432,0,0.656622081984102,0,0
"1373",0.899282751375505,0,1.64841841018661,0,0
"1374",-0.261477763454259,0,1.05988262057856,0,0
"1375",1.02252323490008,0,1.35074119720689,1,0
"1376",0.36423799195078,0,-0.811865375304546,0,0
"1377",-0.546410834901482,1,1.06284040776793,0,0
"1378",-0.283531308840739,1,-0.692147143422203,0,0
"1379",0.685099722147341,1,0.763305157864435,1,0
"1380",-1.11713994255421,0,0.773810729696836,2,0
"1381",-1.20981919794143,0,1.09487715207599,0,0
"1382",0.330287308132466,1,-0.547236699877307,0,0
"1383",-0.510456265584246,0,-1.78950907430395,0,0
"1384",-1.61901214232013,0,-1.11003422513646,0,0
"1385",1.12163884279115,0,0.756030154165287,0,0
"1386",0.845506210156474,0,0.892273899488664,0,0
"1387",0.468688832078696,0,1.74312637501167,0,0
"1388",-1.50789045517709,0,0.00013119570241224,0,0
"1389",1.28836098267649,1,1.41180017945248,0,0
"1390",1.14838076392629,0,0.937579821950906,0,0
"1391",-0.501037042631483,0,0.365785790782387,0,0
"1392",-1.81564183092355,1,1.62193413713819,1,0
"1393",0.518808773865124,0,-1.30140699300218,2,0
"1394",0.757315565709429,0,0.512016295180254,0,0
"1395",-0.571002332392584,0,-1.46007591911633,0,0
"1396",-0.538618520722603,0,0.836751490975699,0,0
"1397",-0.086926629817874,0,2.14103309629344,2,0
"1398",-0.797488620774892,1,-1.55440859895181,0,0
"1399",-0.563228583153795,1,-0.864990123329428,1,0
"1400",2.23319970068947,1,0.279935449896228,1,0
"1401",-2.35668171173992,0,-0.710258058523734,0,0
"1402",0.17716500172971,0,0.48697927244105,0,0
"1403",-0.00621746386859025,1,1.6882241016945,0,0
"1404",-1.20171520508166,1,0.133997803517104,0,0
"1405",0.821350191622884,1,1.90156007803868,1,0
"1406",-0.498179700310555,0,-0.878066309902588,0,0
"1407",0.0332298232297376,1,1.25637129227489,0,0
"1408",-0.534859541585748,0,0.404664892981509,2,0
"1409",0.192041526874578,0,0.802498962837254,0,0
"1410",-1.5599431742432,0,-1.08320793460557,0,0
"1411",-0.039305138397458,1,-1.2315936699215,0,0
"1412",0.455108785921575,1,-0.39238709950345,1,0
"1413",-1.68677982445921,0,1.43710875519097,0,0
"1414",0.0865789853321146,1,-1.38465517361187,0,0
"1415",0.444994474410947,0,0.0516102900963809,2,0
"1416",1.54398156525997,0,3.27019421786004,0,0
"1417",1.0413889370817,0,1.03187270315317,1,0
"1418",0.936432570114507,1,-0.173426894869799,0,0
"1419",-0.142174339238614,0,0.440209843391508,2,0
"1420",-0.626622346531944,1,0.532382086542595,2,0
"1421",-0.233367808748636,0,0.204848050342702,0,0
"1422",0.501319397772383,0,0.19210728922192,0,0
"1423",0.68560369146987,1,0.489378640331274,1,0
"1424",0.92592321573504,0,0.0708056919872221,0,0
"1425",-0.48052801589451,0,-1.28419489033748,0,0
"1426",0.995423676757307,0,1.17238661369508,0,0
"1427",-1.79638635031853,1,1.01491656674758,0,0
"1428",-0.298113799825272,0,0.363881742658707,0,0
"1429",1.61773483744785,0,0.313969693189718,0,0
"1430",-0.139895999864627,0,2.63596013340156,0,0
"1431",0.877344242746202,0,0.584566801426941,0,0
"1432",1.85290696091752,1,3.96024977250145,1,0
"1433",0.643958203421561,0,1.10020968373449,0,0
"1434",-0.355927555383081,0,-0.558938932121199,0,0
"1435",-1.23104369137794,0,-1.05691055232781,0,0
"1436",-0.503053515383876,0,0.191852214755448,0,0
"1437",-2.82008841375999,0,0.613920216656579,0,0
"1438",0.520473921869248,1,1.05346930375827,1,0
"1439",-0.143550963544957,0,-1.13594862362798,1,0
"1440",0.708833593930623,1,0.905717854598584,2,0
"1441",1.67794991053814,0,1.96861705475895,0,0
"1442",-0.4197856206754,0,2.16063139376761,0,0
"1443",-2.74802528069684,0,-1.27695868478741,0,0
"1444",1.17098397886818,0,1.90201742101,0,0
"1445",1.38509504136519,0,1.6558724937383,0,0
"1446",-0.483491046147816,1,0.697896801399346,0,0
"1447",-1.97269771615017,0,0.789102924807795,1,0
"1448",1.68552177248947,0,0.217107089561533,0,0
"1449",0.469496525346705,1,-0.29629202121709,0,0
"1450",-0.220935164216668,1,-0.761227099219011,1,0
"1451",1.01208581396782,1,1.30272601030487,2,0
"1452",-0.539103364492074,0,1.33332402312152,0,0
"1453",0.361208754502496,0,-0.968642940818421,1,0
"1454",-0.304665215241057,0,-0.271064773219184,1,0
"1455",0.432038977074525,1,1.1781657523975,1,0
"1456",-0.934699050306318,0,1.02124554396716,0,0
"1457",-1.19213479514026,0,-0.7947698553866,0,0
"1458",0.298752471294037,1,2.27043311899106,1,0
"1459",-0.443235169678129,0,-1.39250443990038,0,0
"1460",2.53507922043453,0,2.8792435073835,1,0
"1461",-0.59057363960531,0,-0.212313553318445,0,0
"1462",-0.724187664471508,0,0.683786140774769,1,0
"1463",0.749105896452085,1,-1.62785536478793,1,0
"1464",-1.90256112906638,0,2.5675783617804,0,0
"1465",1.02922256759065,0,1.55488645951956,0,0
"1466",0.538653037761189,0,1.66884998255822,1,0
"1467",1.05024933904559,0,-0.280062781337853,0,0
"1468",-0.781919593205051,0,0.687934820671292,0,0
"1469",0.386169139315297,1,-0.0131885234796837,1,0
"1470",0.67262447169628,1,0.00949945910034866,0,0
"1471",-0.11422240130071,0,0.166243049229222,0,0
"1472",-0.313513037299091,0,-0.556278316926081,1,0
"1473",0.258660569253268,0,0.557789431983504,0,0
"1474",0.305089278761962,1,1.10366877044465,2,0
"1475",0.946146060151923,1,0.851951033563463,1,0
"1476",0.376097076579712,1,1.97576045662249,1,0
"1477",-0.835765053835813,0,0.75408384228155,0,0
"1478",-1.26160264087964,0,-0.718574485852222,0,0
"1479",-0.350645075297045,0,1.16876425782931,0,0
"1480",0.0720519389116506,0,-0.0140383146412749,0,0
"1481",0.277746495295831,0,-0.654787015901644,0,0
"1482",-1.43547228087654,0,0.535910722334871,0,0
"1483",-0.228925413052826,0,1.57620756636373,1,0
"1484",-0.895128246643607,0,1.81577336192822,1,0
"1485",0.554328196265826,1,0.914836329253536,0,0
"1486",1.79852879423833,0,-0.731150781097126,0,0
"1487",1.01657438418992,0,1.27001729317726,1,0
"1488",-0.650269389434032,0,-0.236044711375618,0,0
"1489",0.267872939688051,0,2.22020902383467,0,0
"1490",-1.67739047941122,0,-0.348660358549635,1,0
"1491",-0.393650625203764,0,0.103749787224459,0,0
"1492",-1.03098447190503,0,0.0584932167415728,0,0
"1493",-0.461349466402134,1,-0.818174900654777,0,0
"1494",0.712708141250863,1,0.55582261561688,1,0
"1495",-0.166402469049872,0,-1.06009219528082,0,0
"1496",-0.145131989392917,0,1.28126370670406,1,0
"1497",0.439871981251142,1,1.4665513748912,2,0
"1498",-0.620588855440761,0,-0.528881133324765,0,0
"1499",-0.0399300573274809,1,1.54637905560074,0,0
"1500",0.594471607120901,0,1.15407270059056,1,0
"1501",1.60385834867429,0,0.130535031344746,1,0
"1502",-0.840312709277626,0,1.7471623623077,0,0
"1503",-0.736277852516659,0,-0.909476933537846,0,0
"1504",-1.10976197012921,0,1.4109059935939,0,0
"1505",0.126037369174501,1,2.31183830941444,1,0
"1506",0.773699842902805,0,0.497145189989099,0,0
"1507",-1.32783937254954,0,-0.664382521276783,0,0
"1508",-1.75480639607655,0,-0.945044435280597,0,0
"1509",-2.0865625990669,0,1.98088884909329,1,0
"1510",-0.916387176998929,1,1.97279276336703,1,0
"1511",1.1438487985604,1,0.83499837429562,0,0
"1512",-0.157775744398763,0,0.97728204040233,0,0
"1513",-1.33852601279831,1,2.79501897878259,1,0
"1514",0.82668591963894,0,0.74091205967166,0,0
"1515",-0.171315870681722,1,-0.375544535824898,1,0
"1516",-1.17691413466853,0,1.26234908018167,0,0
"1517",2.21867017064218,0,1.23171306071402,0,0
"1518",-0.0589228466122823,1,0.759428939854589,1,0
"1519",0.0337424799822566,0,0.31479741154792,1,0
"1520",-0.0422440220512278,1,2.25035323583946,1,0
"1521",-0.634809893717001,0,-0.275919985079774,0,0
"1522",0.553292976624689,0,0.0752757288875435,0,0
"1523",-0.527430048473916,0,-0.015022260885808,0,0
"1524",0.273956801394466,1,0.041493215735787,1,0
"1525",0.10409184650284,0,0.277140557462585,1,0
"1526",-1.08791503768206,1,-0.104355986261485,0,0
"1527",-0.301475329708719,0,1.73800460797717,2,0
"1528",0.256796904962634,0,-0.199806264144509,1,0
"1529",-0.0306807285526124,0,-1.48872316362057,0,0
"1530",1.14528347660565,0,1.51276940825968,2,0
"1531",0.927611079263569,0,1.29145019747717,1,0
"1532",0.423689697343809,0,-1.64105221694558,0,0
"1533",-0.0238927743268946,0,-0.576787676888629,1,0
"1534",0.395433778710911,0,-0.00642051973147996,0,0
"1535",1.03861646059517,0,-0.728823239230928,0,0
"1536",0.365929062795379,1,0.418510498644418,1,0
"1537",1.92676533248798,0,0.580823890755988,1,0
"1538",0.574632745171409,0,1.08204697808233,2,0
"1539",-1.43511022236432,1,0.185976630542955,1,0
"1540",1.44210531531192,1,1.56285730634689,1,0
"1541",0.425853060148595,0,1.05092597244179,0,0
"1542",0.425795958588509,0,-0.798554256236315,0,0
"1543",-0.541902377745073,0,0.0762338924155403,0,0
"1544",0.0661023837714375,0,2.05013283568994,0,0
"1545",0.953923910585929,0,0.956704317095721,1,0
"1546",1.26862771460632,0,-0.00624316385746126,1,0
"1547",-0.0748902105230199,1,0.130905291433069,0,0
"1548",0.796429710943405,1,1.61193377381521,2,0
"1549",-0.337140360412699,0,1.18930582060609,1,0
"1550",1.66253653986767,0,-0.0119503824931517,0,0
"1551",-0.323034235129388,0,-1.57120292665502,0,0
"1552",-0.615666318579654,0,0.481200428424034,0,0
"1553",1.41607210744414,0,-0.255013449185278,0,0
"1554",1.1338672580385,1,-0.474395229205562,0,0
"1555",-1.57752063687093,1,0.0789650153749857,0,0
"1556",-1.58766076067283,0,-1.08088391498226,0,0
"1557",0.176916399230377,1,1.41797059239781,1,0
"1558",-0.82917506505917,0,-0.986904826469525,0,0
"1559",-0.608739437644667,0,2.23147934635649,2,0
"1560",-0.544239816904442,1,0.346513067042909,1,0
"1561",-1.94825117388577,0,-0.026316658566004,0,0
"1562",0.468867893268432,0,2.24640779507411,2,0
"1563",0.0317834335615707,0,-2.28807972785049,0,0
"1564",0.787232703563816,0,0.647275952562793,0,0
"1565",0.0385266046315146,1,-0.149918058814141,2,0
"1566",-0.858501010639245,0,1.42721646764024,1,0
"1567",0.0391410296053996,1,-0.286944464175902,1,0
"1568",1.0051077831402,1,0.568416979024154,0,0
"1569",1.72375692703671,1,0.466879828232092,2,0
"1570",0.832061477993037,1,1.86439996277478,0,0
"1571",-0.800533623163034,1,0.373183205613084,0,0
"1572",-0.0817549977008523,1,0.16403054456809,0,0
"1573",1.977647753874,0,0.414541866425339,1,0
"1574",0.359559075578263,1,0.922628408737559,0,0
"1575",0.68170755483168,0,-1.34839175778997,0,0
"1576",-0.353470273010275,1,1.55022445884343,0,0
"1577",-0.0161757602927236,0,0.905552472617901,0,0
"1578",-0.959067831386719,0,0.156539077457035,0,0
"1579",0.0668837157979646,0,0.328169184681915,0,0
"1580",-1.33216366477254,0,0.615152794388623,0,0
"1581",-1.40273577216454,1,1.94751170236649,0,0
"1582",-0.68363821008397,1,0.435296111101259,0,0
"1583",0.93219896786332,0,0.667954176409562,1,0
"1584",-0.654276374801892,1,0.884802136114826,1,0
"1585",1.3781978830409,0,1.0884419233838,0,0
"1586",-2.31359287129566,0,1.13440095782575,0,0
"1587",-0.840743442555734,1,0.782727977404246,0,0
"1588",-0.711723877437403,1,-0.813756942700891,0,0
"1589",-0.676610024233678,0,-0.238266006941656,0,0
"1590",0.88536721377294,0,1.46334428456187,1,0
"1591",-1.05611600834625,0,0.999954515479864,0,0
"1592",-1.28822630300204,0,-1.50848088105339,0,0
"1593",-0.551741361300195,0,-1.50356532308301,0,0
"1594",1.09001664388432,0,-0.332291072479482,1,0
"1595",0.836712598541893,1,1.51619981272721,0,0
"1596",0.433621567902162,1,-0.486114493182987,0,0
"1597",0.0598749238052464,1,4.75276518688494,2,0
"1598",0.673726315561977,0,0.816057297457669,2,0
"1599",-0.0368464319236417,0,0.787017871606587,0,0
"1600",-0.80361066404605,0,0.457641620177158,2,0
"1601",-0.727003090547242,0,-0.602288616511799,0,0
"1602",0.417250773594098,1,-0.753514935197899,0,0
"1603",-1.89972009463328,0,-0.197990293386747,0,0
"1604",0.74766286119967,1,0.831110927687464,0,0
"1605",-0.146016879319171,0,-0.0447597474869903,1,0
"1606",0.354101037578726,0,-0.616701655565562,0,0
"1607",0.551866255692931,0,0.208580856852897,1,0
"1608",-0.101375255841839,0,-0.0405969551567963,0,0
"1609",0.0663728805309566,1,-0.15616220229556,1,0
"1610",1.09533700518898,0,1.75337279860075,1,0
"1611",1.21365741406505,0,2.60322843544337,0,0
"1612",0.838810229332961,0,1.97867420120829,1,0
"1613",-1.1356635372309,1,0.650554553949434,0,0
"1614",1.78114485561842,0,-0.48562635031119,1,0
"1615",-0.662342950106569,0,-0.0846655565503957,0,0
"1616",-0.0222530511010036,0,0.151510594668728,1,0
"1617",1.04160541832261,0,0.701861835129256,0,0
"1618",-0.521478814574265,0,1.29592046607245,0,0
"1619",-0.160267575095241,0,-0.986360327634071,1,0
"1620",-0.443793033156167,0,0.143702297315922,1,0
"1621",-1.4175477421986,0,0.661129698474274,0,0
"1622",0.303490066884618,0,1.32123999037803,0,0
"1623",0.741818274654849,0,-0.467264581257567,0,0
"1624",0.161010841290804,0,-1.3496322864007,0,0
"1625",-1.5398900295787,0,1.02800969648104,0,0
"1626",0.0539669107941658,0,0.413367905314252,0,0
"1627",-0.187849311619059,0,-1.77847143118924,0,0
"1628",0.191925547934678,0,1.61250615404878,0,0
"1629",1.1055629547328,0,-0.118935572335041,1,0
"1630",1.19175237495759,1,1.79512575451243,1,0
"1631",1.22542393101299,0,0.14917289084362,0,0
"1632",-2.24486261206458,0,2.11218755970318,0,0
"1633",-0.299451344511693,1,-0.0395813717803093,2,0
"1634",-0.743760557717751,0,-0.700910816209498,0,0
"1635",0.383035100110184,0,1.73207247398128,2,0
"1636",-1.77515596827393,0,-0.699502610535354,0,0
"1637",1.03219733141779,0,-0.319465039528001,0,0
"1638",0.959235349912835,0,1.05745577791949,1,0
"1639",0.485416954304195,0,1.31494399749475,0,0
"1640",0.90926351330664,0,0.202356936486314,1,0
"1641",0.639520704253526,1,0.284208839618067,0,0
"1642",-1.38842201332612,0,-0.726657414365163,1,0
"1643",2.36951886962843,1,1.6630837733319,0,0
"1644",0.734931712637401,1,-0.529945248549903,0,0
"1645",0.560151611671075,1,-0.197616398742701,0,0
"1646",1.11798431788242,0,2.48801854735698,1,0
"1647",1.18093024437609,0,0.785690211196962,0,0
"1648",-0.326333123153009,0,0.683887023149862,2,0
"1649",-0.277554361795004,0,1.5114082018582,1,0
"1650",-1.04635062200464,1,1.76291860526752,0,0
"1651",-0.489221290706918,0,0.703275743677974,0,0
"1652",0.0872527767017761,0,0.7808564571259,1,0
"1653",1.68241977400204,0,1.16145514279463,1,0
"1654",-1.23503822407987,1,1.77581442691402,1,0
"1655",-1.42205109676753,1,-0.491705062090112,0,0
"1656",0.00300631505070381,0,0.246610570184129,0,0
"1657",-0.0785077607194853,0,-0.408790405205064,0,0
"1658",-1.98635879357732,0,1.22768381516788,0,0
"1659",1.76433952115555,0,-2.06260224741123,0,0
"1660",-1.19178350105505,0,-0.92357435028513,0,0
"1661",-0.902367553926195,1,-0.127778280090796,0,0
"1662",-0.636301561487526,0,-1.34102959235115,1,0
"1663",0.196274629141644,0,-0.826062905585321,0,0
"1664",-0.257388726253561,0,0.00178923608191534,0,0
"1665",-1.10523966468404,0,-0.766824782781091,1,0
"1666",1.39659659908938,1,1.49738156624301,0,0
"1667",0.257862035974535,1,-0.413942718418859,0,0
"1668",-0.858499227404584,0,1.28231951188144,0,0
"1669",0.656447267473166,1,0.16181097366472,1,0
"1670",-0.311332595766234,1,0.889098099627861,1,0
"1671",-0.505321692716318,1,0.190764703275502,0,0
"1672",-0.480172457767115,0,0.204372516030823,0,0
"1673",0.986097416175249,0,1.74067260651224,1,0
"1674",-0.200592190234555,0,1.0190162900266,1,0
"1675",-0.497079182013879,0,-1.25969890127875,0,0
"1676",-0.431488866264095,0,0.613097899593583,0,0
"1677",0.159186957443983,0,-0.311950947830668,0,0
"1678",0.145938760116404,0,-1.17079964162282,0,0
"1679",0.705281166718519,0,-0.0416108476482493,0,0
"1680",1.24678951955965,0,1.66232490682987,2,0
"1681",-1.59056892428507,1,0.626928984608178,0,0
"1682",-0.85615334268764,0,0.326548463055773,1,0
"1683",-0.206223246793485,0,0.927356404278955,0,0
"1684",-1.29646782536546,1,-0.230861830063185,0,0
"1685",0.443853248677363,0,0.231208333603115,1,0
"1686",-1.88117583991298,0,0.610215867860857,0,0
"1687",0.399099760742358,0,1.03126807344795,1,0
"1688",0.815660596544736,0,0.134567301158836,0,0
"1689",-1.32794067308197,1,2.04132347847077,0,0
"1690",1.00739430848114,1,1.20391474434079,1,0
"1691",0.684105966173717,0,1.20717249507834,1,0
"1692",-0.6169164546143,0,0.525014890455066,0,0
"1693",-0.647096023731295,0,-0.144022651775066,0,0
"1694",0.388162582568187,1,0.216948502531216,0,0
"1695",0.0622782858018935,1,-1.44485683934281,1,0
"1696",-1.39587248581354,0,0.845025576958547,0,0
"1697",-1.02651685308721,1,0.157622050225751,0,0
"1698",1.09910590678603,0,2.07394283712863,2,0
"1699",-1.70398420484905,0,-0.880929277437584,0,0
"1700",-0.00618248316887099,0,0.663791499582464,0,0
"1701",1.5195600018877,1,0.545811351746487,0,0
"1702",-1.33943674696531,0,-0.872221666529283,1,0
"1703",0.355515777778324,0,-0.644210768403969,2,0
"1704",-0.638175917932998,0,0.313999800886499,1,0
"1705",-0.960154728738435,1,0.345720050026379,1,0
"1706",0.40260161565699,1,-1.03157045491191,0,0
"1707",1.73196422776605,0,0.567922825462965,0,0
"1708",0.845687542702497,1,2.8892513727752,1,0
"1709",-2.41404128892152,0,0.306338374694308,0,0
"1710",1.27886622139339,0,0.70647934193547,0,0
"1711",-1.18729874843425,0,2.33165302173735,1,0
"1712",-1.07567153733096,0,-3.29615359787241,0,0
"1713",0.106425159645126,0,1.98827228248074,0,0
"1714",-0.391864657274088,0,-0.809448180497582,0,0
"1715",0.728303358925979,1,1.07315496702592,1,0
"1716",0.396558631677345,0,-0.24669051581411,0,0
"1717",0.756948422821484,1,1.41736347298393,0,0
"1718",-1.0159136651112,1,-0.366726911607865,0,0
"1719",0.667998588212108,0,-0.0736281771813881,1,0
"1720",0.0783300275882045,0,-0.178803972916549,1,0
"1721",-0.08883634152161,0,-0.625308288281096,0,0
"1722",-1.61035186946841,0,1.20706078366922,1,0
"1723",-0.415916967883426,0,-2.06373248001266,0,0
"1724",-1.54095826905466,0,0.463393820042025,0,0
"1725",0.55171597636136,0,-0.207625257703315,0,0
"1726",-0.543025620316262,0,0.955516412871736,0,0
"1727",0.564707666098454,0,0.0349379652245568,0,0
"1728",-0.81949142053708,0,0.986086988404654,1,0
"1729",0.0849414503430534,1,1.82979938600157,0,0
"1730",-0.237950981280303,0,0.710536460819612,0,0
"1731",1.06521739958915,1,2.58167356108898,0,0
"1732",0.564070849339196,0,-0.0746935628908629,0,0
"1733",-0.0951270200180261,0,0.380719581095996,0,0
"1734",0.855134091470035,0,-0.350696499065646,0,0
"1735",1.23578243771236,0,0.688363229163282,2,0
"1736",0.978720202239654,1,-0.418129712498103,0,0
"1737",0.587450854690434,0,0.131983154826359,0,0
"1738",-0.696155670420762,0,1.24153778433571,0,0
"1739",2.08159278071949,0,1.1553583215827,0,0
"1740",0.804689681945718,1,0.150518697812293,0,0
"1741",0.791782189598673,1,0.424974336350463,0,0
"1742",1.07756227063522,0,-0.50170139586738,0,0
"1743",-0.223268315735373,0,0.459568976457877,0,0
"1744",0.650371695003773,0,0.667302047811081,2,0
"1745",1.05088043423366,1,0.427718748053659,0,0
"1746",-1.07656805251646,0,-0.559450954990277,0,0
"1747",-1.22709790778616,1,-0.270402549027813,1,0
"1748",0.485943895640189,0,1.11513879593142,0,0
"1749",-1.30598431511254,1,-1.35039841980153,0,0
"1750",1.56096852927627,1,3.21681294643899,0,0
"1751",-0.521905775526705,0,0.951276764486088,0,0
"1752",0.0252347618715349,0,2.26276812461308,0,0
"1753",-0.367058180990815,0,1.65919019268214,1,0
"1754",-0.648563001792888,1,-0.792649601835813,0,0
"1755",-1.43223693353911,0,0.745606722365714,0,0
"1756",-0.402130989985984,0,-0.444909104315827,0,0
"1757",-0.25422160105656,1,0.718394631872163,0,0
"1758",-0.203248461470546,0,-1.46904556357964,1,0
"1759",-1.10663723688026,1,1.23035946174618,1,0
"1760",-0.65865132707083,0,0.981871052285274,1,0
"1761",-0.282202539340892,0,0.413827246342026,1,0
"1762",-0.681732774230266,0,-1.45571465407106,0,0
"1763",0.321543208418131,0,-1.17585877384419,0,0
"1764",-0.991056658816972,0,1.03310791098384,1,0
"1765",-0.133846904061006,0,-0.882895785135095,0,0
"1766",0.61341307430773,0,-0.541444084123374,0,0
"1767",-1.68136836147231,1,0.330844963520963,0,0
"1768",0.239177766150462,0,-1.99173688815315,0,0
"1769",0.617357949485373,1,0.58784199460336,1,0
"1770",-0.983185110441304,0,0.380540163993871,0,0
"1771",0.534764499841551,0,1.65285179135779,0,0
"1772",-0.349579952088621,1,0.264396033657626,0,0
"1773",-0.459066417442999,0,0.895562276626018,1,0
"1774",0.489789836977745,0,0.867148546438309,1,0
"1775",-0.979488247204077,0,1.49617349773563,0,0
"1776",0.267233945191685,0,2.0734293971958,0,0
"1777",-2.1949956686459,0,0.932818098515337,1,0
"1778",-0.671284824697217,0,0.458882947007847,0,0
"1779",1.52798824698539,0,0.693753199716591,1,0
"1780",-1.40467588214714,0,-2.16048356302288,0,0
"1781",1.0282836706238,0,-1.30056095926421,0,0
"1782",-0.927267547967505,0,1.07873721892569,0,0
"1783",0.763092643470085,0,-0.843369128149465,0,0
"1784",0.461944224360148,0,1.30927025761796,1,0
"1785",-0.951238581270013,1,0.423089147080141,1,0
"1786",0.373481378308723,1,1.18382355737741,0,0
"1787",0.246940240170606,0,-0.849391259942061,0,0
"1788",0.555120299553087,1,0.53040789169733,2,0
"1789",1.14222439775377,1,1.39342644268581,0,0
"1790",-1.36801624590747,1,0.30764228004962,0,0
"1791",1.42655227540432,1,-0.800739600190281,0,0
"1792",-0.496105215448516,1,-0.848931608213909,0,0
"1793",-0.48042018658498,0,-0.0690183662703706,1,0
"1794",-0.21169825069704,0,0.540888393750683,0,0
"1795",0.227123109640373,0,-1.2819671032855,0,0
"1796",0.14482297170302,0,1.27129838824455,0,0
"1797",0.586182604171262,1,-0.692503848192535,1,0
"1798",0.359534365752172,0,0.328685812781493,1,0
"1799",0.201691664191099,0,-0.0900308312783321,0,0
"1800",-0.101186051750751,0,1.24623858686531,1,0
"1801",-1.58197427659905,0,-1.65245577883073,0,0
"1802",1.90990180163499,1,0.460828554954898,0,0
"1803",-1.603758871919,0,-0.161712408297888,0,0
"1804",-2.03015334467625,1,-0.929476765971151,0,0
"1805",-0.728761567651548,1,0.212955453174077,0,0
"1806",0.512219930709523,0,-1.3641204339919,0,0
"1807",-0.177490867098583,0,-0.145216889170259,0,0
"1808",-0.316599303906138,0,0.630253605383647,0,0
"1809",-0.549506918788297,0,0.505556537988084,1,0
"1810",1.37279246173434,0,1.46810717952147,0,0
"1811",-0.754971835645488,1,0.408777672517494,1,0
"1812",-2.04633482929189,0,0.844035598242714,1,0
"1813",0.0541502037486983,0,-1.26909111534141,0,0
"1814",-0.0859882255972778,1,-0.507951033455969,0,0
"1815",-1.06073492243513,1,-1.27323628954552,0,0
"1816",1.45815203601287,0,1.33827612124168,1,0
"1817",-0.590578156999071,0,-0.783392599717719,0,0
"1818",0.29093009561972,0,-1.92948410072401,0,0
"1819",-0.594383863478828,0,0.117016629430887,0,0
"1820",-1.59555739697601,1,0.351598353632669,0,0
"1821",-1.00886031668139,0,-1.05978237250248,0,0
"1822",-0.650417204855882,1,0.3214548590502,0,0
"1823",-0.15802521643418,0,0.555003848792888,0,0
"1824",-0.44608613860509,1,1.31148947334172,2,0
"1825",-1.87655174583301,0,0.735527442864903,0,0
"1826",-1.36157545880604,0,-0.524928962657611,0,0
"1827",0.0152851711751802,0,1.62020025417069,1,0
"1828",-0.250149375139118,1,-1.15680663432882,0,0
"1829",0.217964607640358,0,-1.92272340892226,0,0
"1830",-0.753288808784854,1,0.306819890884318,0,0
"1831",1.37521048186476,0,-0.0923472465688209,0,0
"1832",0.820233567369682,0,0.0566148400462609,0,0
"1833",0.92818698554146,0,-1.58730476615758,0,0
"1834",-1.97561998888891,1,3.75412616950711,2,0
"1835",0.0544411961435273,0,-0.357418879395053,2,0
"1836",0.249160842969195,0,3.15581626174637,0,0
"1837",-0.69374629893986,0,0.436975113423225,1,0
"1838",1.28673085767386,0,1.56305125496486,0,0
"1839",0.631816365336593,0,0.627607096435295,0,0
"1840",0.0146516296909651,0,-0.0874192079759719,0,0
"1841",-1.82774777802295,0,1.05243289893038,0,0
"1842",1.42529491900097,0,0.730874685167778,0,0
"1843",-0.593435665306392,0,-1.47529335006728,0,0
"1844",-0.511469971367419,0,-0.486116924499328,0,0
"1845",0.465160717208805,0,0.660211608596728,0,0
"1846",-1.53738399990247,0,0.245161219546624,0,0
"1847",0.450540729966854,0,1.25024900192046,0,0
"1848",0.314285839741816,1,0.378941736689508,0,0
"1849",1.37934538583367,0,1.27981926823746,0,0
"1850",-1.0215108512439,0,-1.93282668154467,0,0
"1851",-2.12080329844168,0,0.714690022099126,0,0
"1852",1.14230472086195,0,-1.94456304844285,0,0
"1853",-0.632503497951689,0,0.290042779097797,1,0
"1854",-0.302517837499452,1,1.2284266946565,2,0
"1855",-1.2901557721721,1,-1.39125146530721,0,0
"1856",-0.908598458622068,0,-1.10317878180902,1,0
"1857",-0.163880911038672,1,-0.907001305106514,1,0
"1858",-0.897930745662305,0,-2.24764456080642,0,0
"1859",1.34293860380805,0,-1.37362785681669,1,0
"1860",-0.711157276519503,1,2.58164366839876,1,0
"1861",0.283458519689297,0,0.327710646264902,0,0
"1862",0.923837154913495,1,0.531678810164588,0,0
"1863",1.0122123621756,1,1.73072394665623,0,0
"1864",-1.26965915252584,1,-1.21213587999846,0,0
"1865",1.32480931822252,0,0.110593247279301,0,0
"1866",0.673671877795997,0,-0.363818686589062,0,0
"1867",-0.0682622078946773,0,1.6936477801648,1,0
"1868",-1.20100197776602,1,1.18544113513018,1,0
"1869",-0.98319866270693,1,1.37991949123019,0,0
"1870",-0.123131051488135,1,-2.17955860774621,0,0
"1871",0.113564523933899,1,-0.0943593151625786,0,0
"1872",-0.181122256713253,0,-0.337514996969369,0,0
"1873",-0.040649300850815,0,-0.51597941560484,1,0
"1874",-1.06809298652817,1,-0.834892073603053,0,0
"1875",-1.02227269386839,1,-1.17551297488234,0,0
"1876",0.365403861150234,0,0.754662701622543,2,0
"1877",0.563336809243616,0,0.86407489750468,0,0
"1878",-0.232978786317238,0,0.851565268276009,0,0
"1879",-0.50141502845256,0,-0.470628580560334,0,0
"1880",-0.312636257918619,0,0.658911586397616,0,0
"1881",0.608536548992206,1,-0.764789744979674,0,0
"1882",-0.0808857201403144,0,-1.00387890438416,0,0
"1883",1.18569326656719,0,3.15210669955305,1,0
"1884",0.613313272489143,0,1.37294302030206,0,0
"1885",-0.18523136887411,1,0.43060609631918,1,0
"1886",-0.145925042758234,0,0.390637852724037,1,0
"1887",-1.87807235788761,1,1.56345641188269,1,0
"1888",0.383986314607569,0,0.402746650584827,0,0
"1889",-0.778010062593501,0,0.290624178057264,0,0
"1890",-2.41864910430715,1,1.38987334940694,1,0
"1891",-1.38700900034907,0,1.16927919324325,0,0
"1892",-0.00691561988251792,0,0.789068925633604,1,0
"1893",0.551390962604847,0,1.09415275615271,2,0
"1894",-1.04309527350231,1,-2.03475576443756,0,0
"1895",-1.10872501641069,0,-0.30910222665563,0,0
"1896",-1.88261357262221,1,-0.245915521611426,0,0
"1897",0.646963059364076,0,-0.44900248256469,0,0
"1898",-1.05946275216448,0,-0.987068668436301,0,0
"1899",-2.59728490477378,1,-0.134868537792724,0,0
"1900",-1.16966973950162,0,-0.592669233956963,0,0
"1901",-0.212327194546679,1,1.48068043760345,0,0
"1902",-1.08502747339773,0,0.0595993411193338,0,0
"1903",-0.0851115076640339,0,0.63739678039747,0,0
"1904",-0.855875100903299,1,-2.75296199308932,0,0
"1905",1.48524419558741,0,1.68759017805102,0,0
"1906",0.557669334606998,0,-0.0792340775692188,0,0
"1907",0.262412939220628,0,1.15107062482967,1,0
"1908",-0.248618972155864,1,0.367614329671957,0,0
"1909",1.08175592319944,0,0.750094471528128,1,0
"1910",0.39097696408063,0,-0.578294483716849,1,0
"1911",1.08234367291573,0,1.86086373579914,0,0
"1912",1.26163206884773,1,1.20829004514671,0,0
"1913",-0.334576230369111,0,-0.736295480418959,1,0
"1914",-1.21546033779748,1,0.712022784179154,1,0
"1915",1.03008387275602,0,0.924950874966753,0,0
"1916",0.995695546147466,1,0.740521350702476,0,0
"1917",-0.800109828089796,0,0.918125988883149,0,0
"1918",0.437663277592279,0,-0.934742145760054,1,0
"1919",0.984045276119598,0,0.878638591196736,2,0
"1920",-0.965584860584499,0,1.47081060725268,0,0
"1921",-0.628254908456273,0,-1.48525059916272,0,0
"1922",-0.885434984057957,0,0.126290799488696,0,0
"1923",-0.280454730712081,1,-0.17603623201024,1,0
"1924",-0.519339454933716,0,0.275908053825071,0,0
"1925",1.69637686590132,0,1.29246428359692,0,0
"1926",1.48706078336906,1,1.26398042928449,1,0
"1927",0.638937424019509,1,0.148085231029254,1,0
"1928",-0.966146954862149,0,0.700204045083903,0,0
"1929",0.611367259416869,0,-1.03084276724673,1,0
"1930",-0.499910640593697,0,0.012956233525793,0,0
"1931",0.267946132271661,0,-0.0514452237719694,0,0
"1932",-0.524430054745969,0,2.54813888578561,1,0
"1933",-0.282645561604714,1,0.650079968482301,1,0
"1934",-0.449008454177017,0,1.28178827089164,0,0
"1935",0.512710514841671,0,-2.21371331996514,0,0
"1936",0.714615351938158,0,1.6949833398824,0,0
"1937",0.866483086942903,0,1.5250794595013,1,0
"1938",0.182211851198202,0,0.352339297562582,0,0
"1939",0.146521259984003,0,-1.1213227548419,0,0
"1940",1.25502517502798,0,0.513878240243389,0,0
"1941",-1.93030991707453,1,0.601759051538021,0,0
"1942",1.06680990520944,0,-1.03549250016386,0,0
"1943",-1.95711479431523,1,1.68192375278674,1,0
"1944",0.0321492475883618,0,0.721603471131537,0,0
"1945",-0.464124929022866,0,0.222569658130904,0,0
"1946",-0.0736749118149674,0,0.00913499778077731,2,0
"1947",-1.1922408392225,1,0.890680023661223,0,0
"1948",-1.76053509664779,1,-0.4095385331178,1,0
"1949",0.651378091802018,0,-1.76075934175438,0,0
"1950",1.2423148843864,0,-1.63501534783373,1,0
"1951",0.693503662758768,0,0.292972226224934,0,0
"1952",0.812544242034081,1,2.77861263583688,1,0
"1953",-0.294625117742585,1,0.309073853890483,0,0
"1954",-2.21593202043613,0,-0.431399400758078,0,0
"1955",-1.48324650628183,1,0.999656600272647,1,0
"1956",0.725332452885966,0,1.45718331170106,0,0
"1957",0.185679077942204,0,0.949795676823833,0,0
"1958",1.10518376580881,1,1.67429295114101,1,0
"1959",-2.10369967491765,0,0.305276558050733,0,0
"1960",-1.67521642349636,0,-0.726001044037966,0,0
"1961",-0.0834459625042847,1,0.053111007096546,0,0
"1962",0.441362888159061,0,0.903197851858613,0,0
"1963",0.595131015067716,1,1.05651256579773,2,0
"1964",-2.27003025683684,0,1.73625763108014,0,0
"1965",0.32288927303941,0,0.388534089111448,0,0
"1966",1.83193725177571,0,0.800380406956086,2,0
"1967",0.650980156123738,0,-0.682925517392442,0,0
"1968",1.21087667875092,0,1.40230358973534,1,0
"1969",-0.880301460722483,0,-2.19105809504349,0,0
"1970",1.22829241840765,0,0.439745131213141,2,0
"1971",-1.46846363578376,1,2.19148960472577,0,0
"1972",0.307485162448043,1,0.788294424822363,0,0
"1973",-0.527199446432535,0,0.756820103425289,0,0
"1974",0.134904188108789,0,0.504136932815681,0,0
"1975",-0.999258407853707,0,0.688494420409067,1,0
"1976",-0.639188729919529,0,1.40214536344379,1,0
"1977",-0.813734072537075,0,0.134214688049952,0,0
"1978",0.478183266143711,0,0.543649115276784,0,0
"1979",1.00697447644879,0,0.200954075388342,0,0
"1980",1.06724177665721,0,-1.29191293481027,0,0
"1981",-0.803107989624735,0,-0.266421304281973,0,0
"1982",-0.150629714803451,1,0.261691315675276,1,0
"1983",-0.343199215159508,1,0.779646663980767,0,0
"1984",0.512276168512849,0,-0.384635149500501,1,0
"1985",0.299293870065105,0,-1.67314268261396,0,0
"1986",1.81879142670595,0,0.333745125828922,0,0
"1987",1.27294707639686,0,0.46275530715114,1,0
"1988",0.73350949688873,1,-0.0311235390911225,0,0
"1989",2.0979799563866,0,2.71020727649237,0,0
"1990",0.500262993981008,1,-1.04452930891044,1,0
"1991",-1.27099075864215,0,2.10759059973747,0,0
"1992",0.0785119194279357,1,0.956329775230264,0,0
"1993",0.667163796035494,1,-0.336949108327414,0,0
"1994",0.918419039359376,0,-0.29217891886156,0,0
"1995",-1.28951380939987,1,-1.98879701085271,0,0
"1996",-0.630151827858966,0,0.428837024728645,0,0
"1997",0.862590274635203,0,1.4027686638069,0,0
"1998",0.53666823797311,0,2.03160899691115,1,0
"1999",-0.892936088536406,0,0.356553670487531,0,0
"2000",-0.604995199210774,0,0.56965124829779,0,0
