"","V1","V2","V3","V4","V5","V6","V7","V8"
"1",NA,NA,NA,NA,NA,NA,NA,NA
"2",NA,NA,NA,NA,NA,NA,NA,NA
"3",NA,NA,NA,NA,NA,NA,NA,NA
"4",NA,NA,NA,NA,NA,NA,NA,NA
"5",NA,NA,NA,NA,NA,NA,NA,NA
"6",NA,NA,NA,NA,NA,NA,NA,NA
"7",NA,NA,NA,NA,NA,NA,NA,NA
"8",NA,NA,NA,NA,NA,NA,NA,NA
"9",NA,NA,NA,NA,NA,NA,NA,NA
"10",7.2e-05,8.6e-05,9.2e-05,0.000128,7.8e-05,8.8e-05,7.4e-05,8.4e-05
"11",7.8e-05,0.000102,0.000106,0.000124,9e-05,8.6e-05,8.4e-05,9.4e-05
"12",7.2e-05,9.8e-05,9.4e-05,0.000112,1e-04,7.6e-05,0.000112,8.6e-05
"13",NA,NA,NA,NA,NA,NA,NA,NA
"14",NA,NA,NA,NA,NA,NA,NA,NA
"15",NA,NA,NA,NA,NA,NA,NA,NA
"16",NA,NA,NA,NA,NA,NA,NA,NA
"17",NA,NA,NA,NA,NA,NA,NA,NA
"18",NA,NA,NA,NA,NA,NA,NA,NA
"19",NA,NA,NA,NA,NA,NA,NA,NA
"20",NA,NA,NA,NA,NA,NA,NA,NA
"21",NA,NA,NA,NA,NA,NA,NA,NA
"22",NA,NA,NA,NA,NA,NA,NA,NA
"23",NA,NA,NA,NA,NA,NA,NA,NA
"24",NA,NA,NA,NA,NA,NA,NA,NA
