"","V1","V2","V3","V4","V5","V6","V7","V8"
"1",NA,NA,NA,NA,NA,NA,NA,NA
"2",NA,NA,NA,NA,NA,NA,NA,NA
"3",NA,NA,NA,NA,NA,NA,NA,NA
"4",NA,NA,NA,NA,NA,NA,NA,NA
"5",NA,NA,NA,NA,NA,NA,NA,NA
"6",NA,NA,NA,NA,NA,NA,NA,NA
"7",NA,NA,NA,NA,NA,NA,NA,NA
"8",NA,NA,NA,NA,NA,NA,NA,NA
"9",NA,NA,NA,NA,NA,NA,NA,NA
"10",NA,NA,NA,NA,NA,NA,NA,NA
"11",NA,NA,NA,NA,NA,NA,NA,NA
"12",NA,NA,NA,NA,NA,NA,NA,NA
"13",1.13937046466183,1.1354387206058,1.11756718501472,1.08438707320566,1.10960472390467,1.14947546764041,1.15916271982493,1.12854864473339
"14",1.0941910563887,1.07870667107124,1.04946289231136,1.00843858428345,1.0242380119835,1.07556731316616,1.09246432585118,1.0697757196307
"15",1.1081533798133,1.09521096495899,1.06904248048688,1.03052256053784,1.08990302540723,1.11918959745053,1.11994963549291,1.08481162202776
"16",NA,NA,NA,NA,NA,NA,NA,NA
"17",NA,NA,NA,NA,NA,NA,NA,NA
"18",NA,NA,NA,NA,NA,NA,NA,NA
"19",NA,NA,NA,NA,NA,NA,NA,NA
"20",NA,NA,NA,NA,NA,NA,NA,NA
"21",NA,NA,NA,NA,NA,NA,NA,NA
"22",NA,NA,NA,NA,NA,NA,NA,NA
"23",NA,NA,NA,NA,NA,NA,NA,NA
"24",NA,NA,NA,NA,NA,NA,NA,NA
