"","V1","V2","V3","V4","V5","V6","V7","V8"
"1",1.1856324414024,1.15803220645958,1.12152928856057,1.07571771368423,1.22908693682018,1.21930281295324,1.1861104307343,1.12403373922488
"2",1.10836839363471,1.07733239174064,1.03536615533498,0.985178132161573,1.0815607747492,1.09952003729595,1.08774771864804,1.04344460727018
"3",1.14523481298148,1.11035446070625,1.06690462693834,1.01622754644639,1.18920182999784,1.17330394009945,1.13691662497946,1.07448066195531
"4",NA,NA,NA,NA,NA,NA,NA,NA
"5",NA,NA,NA,NA,NA,NA,NA,NA
"6",NA,NA,NA,NA,NA,NA,NA,NA
"7",NA,NA,NA,NA,NA,NA,NA,NA
"8",NA,NA,NA,NA,NA,NA,NA,NA
"9",NA,NA,NA,NA,NA,NA,NA,NA
"10",NA,NA,NA,NA,NA,NA,NA,NA
"11",NA,NA,NA,NA,NA,NA,NA,NA
"12",NA,NA,NA,NA,NA,NA,NA,NA
"13",NA,NA,NA,NA,NA,NA,NA,NA
"14",NA,NA,NA,NA,NA,NA,NA,NA
"15",NA,NA,NA,NA,NA,NA,NA,NA
"16",NA,NA,NA,NA,NA,NA,NA,NA
"17",NA,NA,NA,NA,NA,NA,NA,NA
"18",NA,NA,NA,NA,NA,NA,NA,NA
"19",NA,NA,NA,NA,NA,NA,NA,NA
"20",NA,NA,NA,NA,NA,NA,NA,NA
"21",NA,NA,NA,NA,NA,NA,NA,NA
"22",NA,NA,NA,NA,NA,NA,NA,NA
"23",NA,NA,NA,NA,NA,NA,NA,NA
"24",NA,NA,NA,NA,NA,NA,NA,NA
