"","V1","V2","V3","V4","V5","V6","V7","V8"
"1",NA,NA,NA,NA,NA,NA,NA,NA
"2",NA,NA,NA,NA,NA,NA,NA,NA
"3",NA,NA,NA,NA,NA,NA,NA,NA
"4",NA,NA,NA,NA,NA,NA,NA,NA
"5",NA,NA,NA,NA,NA,NA,NA,NA
"6",NA,NA,NA,NA,NA,NA,NA,NA
"7",NA,NA,NA,NA,NA,NA,NA,NA
"8",NA,NA,NA,NA,NA,NA,NA,NA
"9",NA,NA,NA,NA,NA,NA,NA,NA
"10",1.10515217273276,1.07231889812316,1.02959642518974,0.979946416537903,1.08903931916027,1.10287655720739,1.08640082293126,1.03921952331335
"11",1.1390747129466,1.10394579486302,1.06086316591484,1.01124653245271,1.19208911470148,1.17429091524754,1.13444487430106,1.07031359857095
"12",1.07631449699584,1.03653451863942,0.987478527370169,0.933323028492172,1.07427038171716,1.07830835225224,1.05462710259206,1.00399683617259
"13",NA,NA,NA,NA,NA,NA,NA,NA
"14",NA,NA,NA,NA,NA,NA,NA,NA
"15",NA,NA,NA,NA,NA,NA,NA,NA
"16",NA,NA,NA,NA,NA,NA,NA,NA
"17",NA,NA,NA,NA,NA,NA,NA,NA
"18",NA,NA,NA,NA,NA,NA,NA,NA
"19",NA,NA,NA,NA,NA,NA,NA,NA
"20",NA,NA,NA,NA,NA,NA,NA,NA
"21",NA,NA,NA,NA,NA,NA,NA,NA
"22",NA,NA,NA,NA,NA,NA,NA,NA
"23",NA,NA,NA,NA,NA,NA,NA,NA
"24",NA,NA,NA,NA,NA,NA,NA,NA
