"","V1","V2","V3","V4","V5","V6","V7","V8"
"1",NA,NA,NA,NA,NA,NA,NA,NA
"2",NA,NA,NA,NA,NA,NA,NA,NA
"3",NA,NA,NA,NA,NA,NA,NA,NA
"4",NA,NA,NA,NA,NA,NA,NA,NA
"5",NA,NA,NA,NA,NA,NA,NA,NA
"6",NA,NA,NA,NA,NA,NA,NA,NA
"7",1.19843994786422,1.14971763033434,1.09154680664666,1.02470661868608,0.939175120510351,0.964976346552803,0.980278593966325,0.978795389706414
"8",1.08548596214419,1.04130212069256,0.989130865828308,0.930965091122732,0.776858999372093,0.829189865360852,0.871374271870606,0.896954699107356
"9",1.12424485063346,1.10568670107593,1.07997490602014,1.04734389106286,0.899168604317674,0.954448111337233,0.998465405686371,1.02588797196453
"10",NA,NA,NA,NA,NA,NA,NA,NA
"11",NA,NA,NA,NA,NA,NA,NA,NA
"12",NA,NA,NA,NA,NA,NA,NA,NA
"13",NA,NA,NA,NA,NA,NA,NA,NA
"14",NA,NA,NA,NA,NA,NA,NA,NA
"15",NA,NA,NA,NA,NA,NA,NA,NA
"16",NA,NA,NA,NA,NA,NA,NA,NA
"17",NA,NA,NA,NA,NA,NA,NA,NA
"18",NA,NA,NA,NA,NA,NA,NA,NA
"19",NA,NA,NA,NA,NA,NA,NA,NA
"20",NA,NA,NA,NA,NA,NA,NA,NA
"21",NA,NA,NA,NA,NA,NA,NA,NA
"22",NA,NA,NA,NA,NA,NA,NA,NA
"23",NA,NA,NA,NA,NA,NA,NA,NA
"24",NA,NA,NA,NA,NA,NA,NA,NA
