"","V1","V2","V3","V4","V5","V6","V7","V8"
"1",NA,NA,NA,NA,NA,NA,NA,NA
"2",NA,NA,NA,NA,NA,NA,NA,NA
"3",NA,NA,NA,NA,NA,NA,NA,NA
"4",NA,NA,NA,NA,NA,NA,NA,NA
"5",NA,NA,NA,NA,NA,NA,NA,NA
"6",NA,NA,NA,NA,NA,NA,NA,NA
"7",NA,NA,NA,NA,NA,NA,NA,NA
"8",NA,NA,NA,NA,NA,NA,NA,NA
"9",NA,NA,NA,NA,NA,NA,NA,NA
"10",1.03021384142785,1.0090461494535,0.981282811886668,0.94962859855966,0.760789046560568,0.831364865089892,0.888807867860312,0.929304692596994
"11",1.07456471872294,1.05075474841642,1.02053136033311,0.985797913096013,0.853782407851639,0.902559123070196,0.941690325552928,0.967282777909052
"12",0.989774156320319,0.962309812023547,0.929355481756434,0.89474650050712,0.737512419055734,0.799737060010632,0.848055459596565,0.882765893602621
"13",NA,NA,NA,NA,NA,NA,NA,NA
"14",NA,NA,NA,NA,NA,NA,NA,NA
"15",NA,NA,NA,NA,NA,NA,NA,NA
"16",NA,NA,NA,NA,NA,NA,NA,NA
"17",NA,NA,NA,NA,NA,NA,NA,NA
"18",NA,NA,NA,NA,NA,NA,NA,NA
"19",NA,NA,NA,NA,NA,NA,NA,NA
"20",NA,NA,NA,NA,NA,NA,NA,NA
"21",NA,NA,NA,NA,NA,NA,NA,NA
"22",NA,NA,NA,NA,NA,NA,NA,NA
"23",NA,NA,NA,NA,NA,NA,NA,NA
"24",NA,NA,NA,NA,NA,NA,NA,NA
